timestamp,user,attack_type,label,prob,pred
2026-05-22T19:14:13.966340Z,kubernetes-admin,,0,0.0,0
2026-05-22T19:14:14.039891Z,kubernetes-admin,,0,0.0,0
2026-05-22T19:14:14.114825Z,kubernetes-admin,,0,0.0,0
2026-05-22T19:14:14.119952Z,kubernetes-admin,,0,0.0,0
2026-05-22T19:14:14.120963Z,system:apiserver,,0,0.0,0
2026-05-22T19:14:14.125617Z,system:apiserver,,0,0.0,0
2026-05-22T19:14:14.208766Z,kubernetes-admin,,0,0.0,0
2026-05-22T19:14:14.280786Z,kubernetes-admin,,0,0.0,0
2026-05-22T19:14:14.281581Z,system:kube-controller-manager,,0,0.0,0
2026-05-22T19:14:14.302216Z,system:apiserver,,0,0.0,0
2026-05-22T19:14:14.304875Z,system:apiserver,,0,0.0,0
2026-05-22T19:14:14.366564Z,kubernetes-admin,,0,0.0,0
2026-05-22T19:14:14.441983Z,kubernetes-admin,,0,0.0,0
2026-05-22T19:14:14.515052Z,kubernetes-admin,,0,0.0,0
2026-05-22T19:14:14.520666Z,kubernetes-admin,,0,0.0,0
2026-05-22T19:14:14.523426Z,kubernetes-admin,,0,0.0,0
2026-05-22T19:14:14.523426Z,kubernetes-admin,,0,0.0,0
2026-05-22T19:14:14.602832Z,kubernetes-admin,,0,0.0,0
2026-05-22T19:14:14.678340Z,kubernetes-admin,,0,0.0,0
2026-05-22T19:14:14.751967Z,kubernetes-admin,,0,0.0,0
2026-05-22T19:14:14.757327Z,kubernetes-admin,,0,0.0,0
2026-05-22T19:14:14.758299Z,system:apiserver,,0,0.0,0
2026-05-22T19:14:14.762586Z,system:apiserver,,0,0.0,0
2026-05-22T19:14:14.830024Z,kubernetes-admin,,0,0.0,0
2026-05-22T19:14:14.900446Z,kubernetes-admin,,0,0.0,0
2026-05-22T19:14:14.973716Z,kubernetes-admin,,0,0.0001,0
2026-05-22T19:14:15.045983Z,kubernetes-admin,,0,0.0,0
2026-05-22T19:14:15.118581Z,kubernetes-admin,,0,0.0,0
2026-05-22T19:14:15.123088Z,kubernetes-admin,,0,0.0,0
2026-05-22T19:14:15.125498Z,kubernetes-admin,,0,0.0001,0
2026-05-22T19:14:15.125498Z,kubernetes-admin,,0,0.0001,0
2026-05-22T19:14:15.207946Z,kubernetes-admin,,0,0.0,0
2026-05-22T19:14:15.280177Z,kubernetes-admin,,0,0.0,0
2026-05-22T19:14:15.284182Z,kubernetes-admin,,0,0.0,0
2026-05-22T19:14:15.289401Z,kubernetes-admin,,0,0.0,0
2026-05-22T19:14:15.297573Z,kubernetes-admin,,0,0.0,0
2026-05-22T19:14:15.559675Z,system:kube-scheduler,,0,0.0,0
2026-05-22T19:14:15.609895Z,system:apiserver,,0,0.0,0
2026-05-22T19:14:15.782817Z,kubernetes-admin,,0,0.0,0
2026-05-22T19:14:15.854708Z,kubernetes-admin,,0,0.0,0
2026-05-22T19:14:15.938513Z,kubernetes-admin,,0,0.0,0
2026-05-22T19:14:15.944301Z,kubernetes-admin,,0,0.0,0
2026-05-22T19:14:15.944301Z,kubernetes-admin,,0,0.0,0
2026-05-22T19:14:15.951702Z,system:node:runtime-ids-control-plane,,0,0.0,0
2026-05-22T19:14:15.957006Z,kubernetes-admin,,0,0.0,0
2026-05-22T19:14:15.957006Z,kubernetes-admin,,0,0.0,0
2026-05-22T19:14:15.962593Z,kubernetes-admin,,0,0.0,0
2026-05-22T19:14:15.962593Z,kubernetes-admin,,0,0.0,0
2026-05-22T19:14:15.968815Z,kubernetes-admin,,0,0.0,0
2026-05-22T19:14:15.968815Z,kubernetes-admin,,0,0.0,0
2026-05-22T19:14:15.968926Z,system:node:runtime-ids-control-plane,,0,0.0,0
2026-05-22T19:14:16.043650Z,kubernetes-admin,,0,0.0,0
2026-05-22T19:14:16.047089Z,kubernetes-admin,,0,0.0,0
2026-05-22T19:14:16.052398Z,system:serviceaccount:kube-system:deployment-controller,,0,0.0,0
2026-05-22T19:14:16.057066Z,system:serviceaccount:kube-system:replicaset-controller,,0,0.0,0
2026-05-22T19:14:16.057088Z,system:serviceaccount:kube-system:deployment-controller,,0,0.0,0
2026-05-22T19:14:16.057112Z,system:serviceaccount:kube-system:deployment-controller,,0,0.0,0
2026-05-22T19:14:16.057157Z,system:serviceaccount:kube-system:replicaset-controller,,0,0.0,0
2026-05-22T19:14:16.063523Z,system:serviceaccount:kube-system:endpoint-controller,,0,0.0,0
2026-05-22T19:14:16.063550Z,system:serviceaccount:kube-system:endpointslice-controller,,0,0.0,0
2026-05-22T19:14:16.063906Z,system:serviceaccount:kube-system:replicaset-controller,,0,0.0,0
2026-05-22T19:14:16.063976Z,system:node:runtime-ids-control-plane,,0,0.0,0
2026-05-22T19:14:16.064004Z,system:node:runtime-ids-control-plane,,0,0.0,0
2026-05-22T19:14:16.065613Z,system:serviceaccount:kube-system:replicaset-controller,,0,0.0,0
2026-05-22T19:14:16.068295Z,system:node:runtime-ids-control-plane,,0,0.0,0
2026-05-22T19:14:16.068582Z,system:serviceaccount:kube-system:replicaset-controller,,0,0.0,0
2026-05-22T19:14:16.069233Z,system:node:runtime-ids-control-plane,,0,0.0,0
2026-05-22T19:14:16.072949Z,system:serviceaccount:kube-system:replicaset-controller,,0,0.0,0
2026-05-22T19:14:16.075655Z,system:node:runtime-ids-control-plane,,0,0.0,0
2026-05-22T19:14:16.080219Z,system:serviceaccount:kube-system:deployment-controller,,0,0.0,0
2026-05-22T19:14:16.085751Z,system:node:runtime-ids-control-plane,,0,0.0,0
2026-05-22T19:14:16.132592Z,kubernetes-admin,,0,0.0,0
2026-05-22T19:14:16.213071Z,kubernetes-admin,,0,0.0,0
2026-05-22T19:14:16.224518Z,kubernetes-admin,,0,0.0,0
2026-05-22T19:14:16.224518Z,kubernetes-admin,,0,0.0,0
2026-05-22T19:14:16.233012Z,system:node:runtime-ids-control-plane,,0,0.0,0
2026-05-22T19:14:16.287552Z,system:kube-controller-manager,,0,0.0,0
2026-05-22T19:14:16.294632Z,system:node:runtime-ids-control-plane,,0,0.0,0
2026-05-22T19:14:16.298678Z,system:node:runtime-ids-control-plane,,0,0.0,0
2026-05-22T19:14:16.305069Z,system:serviceaccount:kube-system:replicaset-controller,,0,0.0,0
2026-05-22T19:14:16.305103Z,system:serviceaccount:kube-system:endpointslice-controller,,0,0.0,0
2026-05-22T19:14:16.310616Z,system:serviceaccount:kube-system:deployment-controller,,0,0.0,0
2026-05-22T19:14:16.311318Z,kubernetes-admin,,0,0.0,0
2026-05-22T19:14:16.325178Z,kubernetes-admin,,0,0.0,0
2026-05-22T19:14:16.325178Z,kubernetes-admin,,0,0.0001,0
2026-05-22T19:14:16.355832Z,system:node:runtime-ids-control-plane,,0,0.0,0
2026-05-22T19:14:16.359199Z,system:node:runtime-ids-control-plane,,0,0.0,0
2026-05-22T19:14:16.375055Z,system:serviceaccount:kube-system:replicaset-controller,,0,0.0,0
2026-05-22T19:14:16.375074Z,system:serviceaccount:kube-system:endpointslice-controller,,0,0.0,0
2026-05-22T19:14:16.381578Z,system:serviceaccount:kube-system:deployment-controller,,0,0.0,0
2026-05-22T19:14:16.411901Z,kubernetes-admin,,0,0.0,0
2026-05-22T19:14:16.481749Z,kubernetes-admin,,0,0.0,0
2026-05-22T19:14:16.552735Z,kubernetes-admin,,0,0.0001,0
2026-05-22T19:14:16.619578Z,kubernetes-admin,,0,0.0003,0
2026-05-22T19:14:16.688061Z,kubernetes-admin,,0,0.0001,0
2026-05-22T19:14:16.694138Z,kubernetes-admin,,0,0.0001,0
2026-05-22T19:14:16.763329Z,kubernetes-admin,,0,0.0,0
2026-05-22T19:14:16.768090Z,kubernetes-admin,,0,0.0001,0
2026-05-22T19:14:16.840277Z,kubernetes-admin,,0,0.0001,0
2026-05-22T19:14:16.909577Z,kubernetes-admin,,0,0.0002,0
2026-05-22T19:14:16.980981Z,kubernetes-admin,,0,0.0001,0
2026-05-22T19:14:16.986445Z,kubernetes-admin,,0,0.0001,0
2026-05-22T19:14:17.056967Z,kubernetes-admin,,0,0.0,0
2026-05-22T19:14:17.061486Z,kubernetes-admin,,0,0.0001,0
2026-05-22T19:14:17.120235Z,system:node:runtime-ids-control-plane,,0,0.0,0
2026-05-22T19:14:17.123761Z,system:node:runtime-ids-control-plane,,0,0.0,0
2026-05-22T19:14:17.128917Z,system:node:runtime-ids-control-plane,,0,0.0,0
2026-05-22T19:14:17.132255Z,kubernetes-admin,,0,0.2506,0
2026-05-22T19:14:17.137647Z,system:node:runtime-ids-control-plane,,0,0.0,0
2026-05-22T19:14:17.140898Z,system:node:runtime-ids-control-plane,,0,0.0,0
2026-05-22T19:14:17.143714Z,system:node:runtime-ids-control-plane,,0,0.0,0
2026-05-22T19:14:17.210501Z,kubernetes-admin,,0,0.0771,0
2026-05-22T19:14:17.283362Z,kubernetes-admin,,0,0.0001,0
2026-05-22T19:14:17.467860Z,kubernetes-admin,,0,0.0,0
2026-05-22T19:14:17.539028Z,kubernetes-admin,,0,0.0,0
2026-05-22T19:14:17.566459Z,system:kube-scheduler,,0,0.0,0
2026-05-22T19:14:17.610563Z,kubernetes-admin,,0,0.0,0
2026-05-22T19:14:17.681539Z,kubernetes-admin,,0,0.0001,0
2026-05-22T19:14:17.752199Z,kubernetes-admin,,0,0.0,0
2026-05-22T19:14:17.822714Z,kubernetes-admin,,0,0.0,0
2026-05-22T19:14:17.895357Z,kubernetes-admin,,0,0.0,0
2026-05-22T19:14:17.901557Z,kubernetes-admin,,0,0.0,0
2026-05-22T19:14:17.901557Z,kubernetes-admin,,0,0.0,0
2026-05-22T19:14:17.907447Z,kubernetes-admin,,0,0.0,0
2026-05-22T19:14:17.907447Z,kubernetes-admin,,0,0.0,0
2026-05-22T19:14:17.979439Z,kubernetes-admin,,0,0.0,0
2026-05-22T19:14:18.054705Z,kubernetes-admin,,0,0.0,0
2026-05-22T19:14:18.066428Z,kubernetes-admin,,0,0.0,0
2026-05-22T19:14:18.066428Z,kubernetes-admin,,0,0.0,0
2026-05-22T19:14:18.196286Z,kubernetes-admin,,0,0.0,0
2026-05-22T19:14:18.264498Z,kubernetes-admin,,0,0.0,0
2026-05-22T19:14:18.293462Z,system:kube-controller-manager,,0,0.0,0
2026-05-22T19:14:18.335053Z,kubernetes-admin,,0,0.0,0
2026-05-22T19:14:18.404010Z,kubernetes-admin,,0,0.0001,0
2026-05-22T19:14:18.471836Z,kubernetes-admin,,0,0.0,0
2026-05-22T19:14:18.542977Z,kubernetes-admin,,0,0.0003,0
2026-05-22T19:14:18.548062Z,kubernetes-admin,,0,0.0001,0
2026-05-22T19:14:18.615966Z,kubernetes-admin,,0,0.0,0
2026-05-22T19:14:18.620556Z,kubernetes-admin,,0,0.0001,0
2026-05-22T19:14:18.685667Z,kubernetes-admin,,0,0.0001,0
2026-05-22T19:14:18.757046Z,kubernetes-admin,,0,0.0012,0
2026-05-22T19:14:18.758020Z,system:apiserver,,0,0.0,0
2026-05-22T19:14:18.762764Z,system:kube-scheduler,,0,0.0,0
2026-05-22T19:14:18.766491Z,system:kube-scheduler,,0,0.0,0
2026-05-22T19:14:18.769235Z,system:node:runtime-ids-control-plane,,0,0.0,0
2026-05-22T19:14:18.769235Z,system:node:runtime-ids-control-plane,,0,0.0,0
2026-05-22T19:14:18.769247Z,system:node:runtime-ids-control-plane,,0,0.0,0
2026-05-22T19:14:18.772413Z,system:node:runtime-ids-control-plane,,0,0.0,0
2026-05-22T19:14:18.833209Z,kubernetes-admin,,0,0.0006,0
2026-05-22T19:14:18.842213Z,kubernetes-admin,,0,0.0002,0
2026-05-22T19:14:18.915121Z,kubernetes-admin,,0,0.0008,0
2026-05-22T19:14:18.985590Z,kubernetes-admin,,0,0.0001,0
2026-05-22T19:14:19.063085Z,kubernetes-admin,,0,0.0,0
2026-05-22T19:14:19.135322Z,system:node:runtime-ids-control-plane,,0,0.0,0
2026-05-22T19:14:19.136341Z,kubernetes-admin,,0,0.0,0
2026-05-22T19:14:19.207617Z,kubernetes-admin,,0,0.0001,0
2026-05-22T19:14:19.280456Z,kubernetes-admin,,0,0.0,0
2026-05-22T19:14:19.284931Z,kubernetes-admin,,0,0.0,0
2026-05-22T19:14:19.288470Z,kubernetes-admin,,0,0.0001,0
2026-05-22T19:14:19.292583Z,kubernetes-admin,,0,0.0,0
2026-05-22T19:14:19.364494Z,kubernetes-admin,,0,0.0,0
2026-05-22T19:14:19.571171Z,system:kube-scheduler,,0,0.0,0
2026-05-22T19:14:19.840735Z,kubernetes-admin,,0,0.0,0
2026-05-22T19:14:19.843601Z,kubernetes-admin,,0,0.0,0
2026-05-22T19:14:19.847764Z,system:serviceaccount:kube-system:deployment-controller,,0,0.0,0
2026-05-22T19:14:19.852004Z,system:serviceaccount:kube-system:replicaset-controller,,0,0.0,0
2026-05-22T19:14:19.852750Z,system:serviceaccount:kube-system:deployment-controller,,0,0.0,0
2026-05-22T19:14:19.853066Z,system:apiserver,,0,0.0,0
2026-05-22T19:14:19.853374Z,system:serviceaccount:kube-system:deployment-controller,,0,0.0,0
2026-05-22T19:14:19.856791Z,system:serviceaccount:kube-system:deployment-controller,,0,0.0,0
2026-05-22T19:14:19.858647Z,system:kube-scheduler,,0,0.0,0
2026-05-22T19:14:19.859555Z,system:serviceaccount:kube-system:replicaset-controller,,0,0.0,0
2026-05-22T19:14:19.862803Z,system:kube-scheduler,,0,0.0,0
2026-05-22T19:14:19.865198Z,system:kube-scheduler,,0,0.0,0
2026-05-22T19:14:19.865434Z,system:serviceaccount:kube-system:replicaset-controller,,0,0.0,0
2026-05-22T19:14:19.866092Z,system:serviceaccount:kube-system:deployment-controller,,0,0.0,0
2026-05-22T19:14:19.866284Z,system:node:runtime-ids-control-plane,,0,0.0,0
2026-05-22T19:14:19.868940Z,system:node:runtime-ids-control-plane,,0,0.0002,0
2026-05-22T19:14:19.869486Z,system:kube-scheduler,,0,0.0,0
2026-05-22T19:14:19.872214Z,system:serviceaccount:kube-system:replicaset-controller,,0,0.0,0
2026-05-22T19:14:19.873839Z,system:node:runtime-ids-control-plane,,0,0.0,0
2026-05-22T19:14:19.877161Z,system:serviceaccount:kube-system:deployment-controller,,0,0.0,0
2026-05-22T19:14:19.881253Z,system:node:runtime-ids-control-plane,,0,0.0,0
2026-05-22T19:14:19.884017Z,system:node:runtime-ids-control-plane,,0,0.0,0
2026-05-22T19:14:19.889149Z,system:node:runtime-ids-control-plane,,0,0.0,0
2026-05-22T19:14:19.922528Z,kubernetes-admin,,0,0.0,0
2026-05-22T19:14:19.987864Z,system:node:runtime-ids-control-plane,,0,0.0,0
2026-05-22T19:14:19.998315Z,kubernetes-admin,,0,0.0,0
2026-05-22T19:14:20.008916Z,kubernetes-admin,,0,0.0,0
2026-05-22T19:14:20.008916Z,kubernetes-admin,,0,0.0,0
2026-05-22T19:14:20.083155Z,kubernetes-admin,,0,0.0,0
2026-05-22T19:14:20.088521Z,system:node:runtime-ids-control-plane,,0,0.0,0
2026-05-22T19:14:20.132398Z,system:node:runtime-ids-control-plane,,0,0.0001,0
2026-05-22T19:14:20.135811Z,system:node:runtime-ids-control-plane,,0,0.0,0
2026-05-22T19:14:20.156099Z,kubernetes-admin,,0,0.0,0
2026-05-22T19:14:20.231535Z,kubernetes-admin,,0,0.0,0
2026-05-22T19:14:20.298521Z,system:kube-controller-manager,,0,0.0,0
2026-05-22T19:14:20.304493Z,kubernetes-admin,,0,0.0001,0
2026-05-22T19:14:20.332347Z,system:node:runtime-ids-control-plane,,0,0.0,0
2026-05-22T19:14:20.339448Z,system:node:runtime-ids-control-plane,,0,0.0,0
2026-05-22T19:14:20.350115Z,system:node:runtime-ids-control-plane,,0,0.0,0
2026-05-22T19:14:20.361308Z,system:node:runtime-ids-control-plane,,0,0.0,0
2026-05-22T19:14:20.379306Z,kubernetes-admin,,0,0.0,0
2026-05-22T19:14:20.459994Z,kubernetes-admin,,0,0.0004,0
2026-05-22T19:14:20.467027Z,kubernetes-admin,,0,0.0,0
2026-05-22T19:14:20.473375Z,system:node:runtime-ids-control-plane,,0,0.0,0
2026-05-22T19:14:20.483565Z,system:node:runtime-ids-control-plane,,0,0.0,0
2026-05-22T19:14:20.542320Z,kubernetes-admin,,0,0.0,0
2026-05-22T19:14:20.547175Z,kubernetes-admin,,0,0.0,0
2026-05-22T19:14:20.618417Z,kubernetes-admin,,0,0.0,0
2026-05-22T19:14:20.686400Z,kubernetes-admin,,0,0.0002,0
2026-05-22T19:14:20.754746Z,kubernetes-admin,,0,0.0001,0
2026-05-22T19:14:20.759003Z,kubernetes-admin,,0,0.0001,0
2026-05-22T19:14:20.826092Z,kubernetes-admin,,0,0.0,0
2026-05-22T19:14:20.831127Z,kubernetes-admin,,0,0.0003,0
2026-05-22T19:14:20.851472Z,system:serviceaccount:kube-system:resourcequota-controller,,0,0.0,0
2026-05-22T19:14:20.853303Z,system:serviceaccount:kube-system:resourcequota-controller,,0,0.0,0
2026-05-22T19:14:20.901441Z,kubernetes-admin,,0,0.0011,0
2026-05-22T19:14:20.906498Z,system:kube-scheduler,,0,0.0,0
2026-05-22T19:14:20.911935Z,system:kube-scheduler,,0,0.0,0
2026-05-22T19:14:20.914625Z,system:node:runtime-ids-control-plane,,0,0.0,0
2026-05-22T19:14:20.915094Z,system:node:runtime-ids-control-plane,,0,0.0,0
2026-05-22T19:14:20.915094Z,system:node:runtime-ids-control-plane,,0,0.0,0
2026-05-22T19:14:20.917754Z,system:node:runtime-ids-control-plane,,0,0.0,0
2026-05-22T19:14:20.976920Z,kubernetes-admin,,0,0.0008,0
2026-05-22T19:14:20.981745Z,system:serviceaccount:kube-system:generic-garbage-collector,,0,0.0,0
2026-05-22T19:14:20.983665Z,system:serviceaccount:kube-system:generic-garbage-collector,,0,0.0,0
2026-05-22T19:14:20.986703Z,kubernetes-admin,,0,0.0002,0
2026-05-22T19:14:21.074126Z,kubernetes-admin,,0,0.079,0
2026-05-22T19:14:21.099730Z,system:node:runtime-ids-control-plane,,0,0.0,0
2026-05-22T19:14:21.101486Z,system:node:runtime-ids-control-plane,,0,0.0,0
2026-05-22T19:14:21.138344Z,system:node:runtime-ids-control-plane,,0,0.0,0
2026-05-22T19:14:21.142114Z,system:node:runtime-ids-control-plane,,0,0.0,0
2026-05-22T19:14:21.146644Z,system:serviceaccount:kube-system:endpoint-controller,,0,0.0,0
2026-05-22T19:14:21.146646Z,system:serviceaccount:kube-system:replicaset-controller,,0,0.0,0
2026-05-22T19:14:21.146929Z,system:serviceaccount:kube-system:endpointslice-controller,,0,0.0,0
2026-05-22T19:14:21.146965Z,system:node:runtime-ids-control-plane,,0,0.0,0
2026-05-22T19:14:21.148153Z,system:node:runtime-ids-control-plane,,0,0.0,0
2026-05-22T19:14:21.151705Z,system:node:runtime-ids-control-plane,,0,0.0,0
2026-05-22T19:14:21.152324Z,system:serviceaccount:kube-system:deployment-controller,,0,0.0,0
2026-05-22T19:14:21.156131Z,system:serviceaccount:kube-system:replicaset-controller,,0,0.0,0
2026-05-22T19:14:21.156144Z,system:serviceaccount:kube-system:endpointslice-controller,,0,0.0,0
2026-05-22T19:14:21.156208Z,system:serviceaccount:kube-system:endpoint-controller,,0,0.0,0
2026-05-22T19:14:21.160699Z,system:serviceaccount:kube-system:deployment-controller,,0,0.0,0
2026-05-22T19:14:21.455593Z,kubernetes-admin,,0,0.0586,0
2026-05-22T19:14:21.577866Z,system:kube-scheduler,,0,0.0,0
2026-05-22T19:14:21.738053Z,kubernetes-admin,,0,0.0001,0
2026-05-22T19:14:21.808124Z,kubernetes-admin,,0,0.0,0
2026-05-22T19:14:21.877205Z,kubernetes-admin,,0,0.0,0
2026-05-22T19:14:21.959005Z,kubernetes-admin,,0,0.0,0
2026-05-22T19:14:22.143508Z,system:node:runtime-ids-control-plane,,0,0.0,0
2026-05-22T19:14:22.149181Z,system:node:runtime-ids-control-plane,,0,0.0,0
2026-05-22T19:14:22.236013Z,kubernetes-admin,,0,0.0,0
2026-05-22T19:14:22.303588Z,system:kube-controller-manager,,0,0.0,0
2026-05-22T19:14:22.308470Z,kubernetes-admin,,0,0.0,0
2026-05-22T19:14:22.379842Z,kubernetes-admin,,0,0.0004,0
2026-05-22T19:14:22.386027Z,kubernetes-admin,,0,0.0,0
2026-05-22T19:14:22.386027Z,kubernetes-admin,,0,0.0,0
2026-05-22T19:14:22.392348Z,kubernetes-admin,,0,0.0,0
2026-05-22T19:14:22.392348Z,kubernetes-admin,,0,0.0,0
2026-05-22T19:14:22.397670Z,kubernetes-admin,,0,0.0,0
2026-05-22T19:14:22.397670Z,kubernetes-admin,,0,0.0,0
2026-05-22T19:14:22.402482Z,kubernetes-admin,,0,0.0,0
2026-05-22T19:14:22.402482Z,kubernetes-admin,,0,0.0,0
2026-05-22T19:14:22.472148Z,kubernetes-admin,,0,0.0,0
2026-05-22T19:14:22.475509Z,kubernetes-admin,,0,0.0,0
2026-05-22T19:14:22.480554Z,system:serviceaccount:kube-system:deployment-controller,,0,0.0,0
2026-05-22T19:14:22.484597Z,system:serviceaccount:kube-system:replicaset-controller,,0,0.0,0
2026-05-22T19:14:22.485000Z,system:serviceaccount:kube-system:deployment-controller,,0,0.0,0
2026-05-22T19:14:22.485155Z,system:serviceaccount:kube-system:deployment-controller,,0,0.0,0
2026-05-22T19:14:22.489420Z,system:serviceaccount:kube-system:endpointslice-controller,,0,0.0,0
2026-05-22T19:14:22.490007Z,system:serviceaccount:kube-system:endpoint-controller,,0,0.0,0
2026-05-22T19:14:22.490180Z,system:node:runtime-ids-control-plane,,0,0.0,0
2026-05-22T19:14:22.490227Z,system:serviceaccount:kube-system:replicaset-controller,,0,0.0,0
2026-05-22T19:14:22.490304Z,system:node:runtime-ids-control-plane,,0,0.0,0
2026-05-22T19:14:22.492523Z,system:node:runtime-ids-control-plane,,0,0.0,0
2026-05-22T19:14:22.497126Z,system:node:runtime-ids-control-plane,,0,0.0,0
2026-05-22T19:14:22.498045Z,system:serviceaccount:kube-system:replicaset-controller,,0,0.0,0
2026-05-22T19:14:22.503564Z,system:serviceaccount:kube-system:deployment-controller,,0,0.0,0
2026-05-22T19:14:22.547124Z,system:node:runtime-ids-control-plane,,0,0.0,0
2026-05-22T19:14:22.556973Z,kubernetes-admin,,0,0.0,0
2026-05-22T19:14:22.647071Z,kubernetes-admin,,0,0.0,0
2026-05-22T19:14:22.687230Z,system:node:runtime-ids-control-plane,,0,0.0,0
2026-05-22T19:14:22.688563Z,system:node:runtime-ids-control-plane,,0,0.0,0
2026-05-22T19:14:22.691434Z,system:node:runtime-ids-control-plane,,0,0.0,0
2026-05-22T19:14:22.695912Z,system:serviceaccount:kube-system:endpointslice-controller,,0,0.0,0
2026-05-22T19:14:22.695937Z,system:serviceaccount:kube-system:replicaset-controller,,0,0.0,0
2026-05-22T19:14:22.701161Z,system:serviceaccount:kube-system:deployment-controller,,0,0.0,0
2026-05-22T19:14:22.724917Z,kubernetes-admin,,0,0.0,0
2026-05-22T19:14:22.794641Z,kubernetes-admin,,0,0.0,0
2026-05-22T19:14:22.863770Z,kubernetes-admin,,0,0.0001,0
2026-05-22T19:14:22.971763Z,kubernetes-admin,token_theft,1,0.9978,1
2026-05-22T19:14:23.042906Z,kubernetes-admin,token_theft,1,0.9989,1
2026-05-22T19:14:23.147376Z,system:node:runtime-ids-control-plane,,0,0.0,0
2026-05-22T19:14:23.150604Z,system:node:runtime-ids-control-plane,,0,0.0,0
2026-05-22T19:14:23.153927Z,system:node:runtime-ids-control-plane,,0,0.0,0
2026-05-22T19:14:23.192576Z,kubernetes-admin,container_exec,1,0.996,1
2026-05-22T19:14:23.270458Z,kubernetes-admin,container_exec,1,0.9997,1
2026-05-22T19:14:23.280977Z,kubernetes-admin,container_exec,1,0.9976,1
2026-05-22T19:14:23.280977Z,kubernetes-admin,container_exec,1,0.9998,1
2026-05-22T19:14:23.420446Z,kubernetes-admin,container_exec,1,0.9997,1
2026-05-22T19:14:23.431058Z,kubernetes-admin,container_exec,1,0.9986,1
2026-05-22T19:14:23.431058Z,kubernetes-admin,container_exec,1,0.9995,1
2026-05-22T19:14:23.550834Z,kubernetes-admin,container_exec,1,0.9999,1
2026-05-22T19:14:23.560901Z,kubernetes-admin,container_exec,1,0.9998,1
2026-05-22T19:14:23.560901Z,kubernetes-admin,container_exec,1,0.9999,1
2026-05-22T19:14:23.583539Z,system:kube-scheduler,,0,0.0,0
2026-05-22T19:14:23.905300Z,kubernetes-admin,container_exec,1,0.9997,1
2026-05-22T19:14:23.916198Z,kubernetes-admin,container_exec,1,0.9999,1
2026-05-22T19:14:23.916198Z,kubernetes-admin,container_exec,1,0.9999,1
2026-05-22T19:14:24.140302Z,kubernetes-admin,discovery,1,0.9998,1
2026-05-22T19:14:24.213125Z,kubernetes-admin,discovery,1,0.9998,1
2026-05-22T19:14:24.305457Z,system:apiserver,,0,0.0,0
2026-05-22T19:14:24.307862Z,system:apiserver,,0,0.0,0
2026-05-22T19:14:24.308182Z,system:kube-controller-manager,,0,0.0,0
2026-05-22T19:14:24.324413Z,kubernetes-admin,discovery,1,0.9999,1
2026-05-22T19:14:24.401189Z,kubernetes-admin,discovery,1,0.9996,1
2026-05-22T19:14:24.884386Z,kubernetes-admin,discovery,1,0.9989,1
2026-05-22T19:14:25.067312Z,kubernetes-admin,discovery,1,0.9985,1
2026-05-22T19:14:25.142551Z,kubernetes-admin,discovery,1,0.9999,1
2026-05-22T19:14:25.214675Z,kubernetes-admin,discovery,1,0.9999,1
2026-05-22T19:14:25.284698Z,kubernetes-admin,discovery,1,0.9999,1
2026-05-22T19:14:25.290586Z,kubernetes-admin,discovery,1,0.9999,1
2026-05-22T19:14:25.370941Z,kubernetes-admin,discovery,1,0.9999,1
2026-05-22T19:14:25.588620Z,system:kube-scheduler,,0,0.0,0
2026-05-22T19:14:25.733371Z,system:apiserver,,0,0.0,0
2026-05-22T19:14:25.837153Z,kubernetes-admin,credential_theft,1,0.9999,1
2026-05-22T19:14:25.908664Z,kubernetes-admin,credential_theft,1,0.9999,1
2026-05-22T19:14:25.980030Z,kubernetes-admin,credential_theft,1,0.9999,1
2026-05-22T19:14:26.049196Z,kubernetes-admin,credential_theft,1,0.9999,1
2026-05-22T19:14:26.120689Z,kubernetes-admin,credential_theft,1,0.9999,1
2026-05-22T19:14:26.311998Z,system:kube-controller-manager,,0,0.0,0
2026-05-22T19:14:26.500636Z,kubernetes-admin,credential_theft,1,0.9999,1
2026-05-22T19:14:26.699660Z,kubernetes-admin,container_escape,1,0.9999,1
2026-05-22T19:14:26.702591Z,kubernetes-admin,container_escape,1,0.9999,1
2026-05-22T19:14:26.707336Z,system:kube-scheduler,,0,0.0,0
2026-05-22T19:14:26.712728Z,system:kube-scheduler,,0,0.0,0
2026-05-22T19:14:26.714515Z,system:node:runtime-ids-control-plane,,0,0.0,0
2026-05-22T19:14:26.714515Z,system:node:runtime-ids-control-plane,,0,0.0,0
2026-05-22T19:14:26.714523Z,system:node:runtime-ids-control-plane,,0,0.0,0
2026-05-22T19:14:26.718008Z,system:node:runtime-ids-control-plane,,0,0.0,0
2026-05-22T19:14:26.814557Z,kubernetes-admin,,0,0.0004,0
2026-05-22T19:14:26.823427Z,kubernetes-admin,,0,0.0001,0
2026-05-22T19:14:26.863548Z,system:node:runtime-ids-control-plane,,0,0.0,0
2026-05-22T19:14:26.865230Z,system:node:runtime-ids-control-plane,,0,0.0,0
2026-05-22T19:14:26.938738Z,kubernetes-admin,privilege_escalation,1,0.9998,1
2026-05-22T19:14:27.008298Z,kubernetes-admin,privilege_escalation,1,0.9999,1
2026-05-22T19:14:27.076970Z,kubernetes-admin,privilege_escalation,1,0.9999,1
2026-05-22T19:14:27.163241Z,system:node:runtime-ids-control-plane,,0,0.0,0
2026-05-22T19:14:27.188960Z,kubernetes-admin,,0,0.0001,0
2026-05-22T19:14:27.193940Z,kubernetes-admin,,0,0.0003,0
2026-05-22T19:14:27.264904Z,kubernetes-admin,,0,0.0001,0
2026-05-22T19:14:27.270380Z,kubernetes-admin,,0,0.0001,0
2026-05-22T19:14:27.342080Z,kubernetes-admin,,0,0.0008,0
2026-05-22T19:14:27.415062Z,kubernetes-admin,,0,0.0001,0
2026-05-22T19:14:27.485759Z,kubernetes-admin,,0,0.0,0
2026-05-22T19:14:27.490381Z,kubernetes-admin,,0,0.0003,0
2026-05-22T19:14:27.575093Z,kubernetes-admin,,0,0.0007,0
2026-05-22T19:14:27.594469Z,system:kube-scheduler,,0,0.0,0
2026-05-22T19:14:27.826233Z,system:kube-controller-manager,,0,0.0,0
2026-05-22T19:14:27.958849Z,kubernetes-admin,,0,0.0001,0
2026-05-22T19:14:28.140806Z,kubernetes-admin,,0,0.0001,0
2026-05-22T19:14:28.161341Z,system:node:runtime-ids-control-plane,,0,0.0,0
2026-05-22T19:14:28.165281Z,system:node:runtime-ids-control-plane,,0,0.0,0
2026-05-22T19:14:28.212412Z,kubernetes-admin,,0,0.0,0
2026-05-22T19:14:28.317416Z,system:kube-controller-manager,,0,0.0,0
2026-05-22T19:14:28.489381Z,kubernetes-admin,,0,0.0,0
2026-05-22T19:14:28.493629Z,kubernetes-admin,,0,0.0,0
2026-05-22T19:14:28.497220Z,kubernetes-admin,,0,0.0,0
2026-05-22T19:14:28.501996Z,kubernetes-admin,,0,0.0,0
2026-05-22T19:14:28.572617Z,kubernetes-admin,,0,0.0,0
2026-05-22T19:14:28.653579Z,kubernetes-admin,,0,0.0,0
2026-05-22T19:14:28.660459Z,kubernetes-admin,,0,0.0,0
2026-05-22T19:14:28.660459Z,kubernetes-admin,,0,0.0,0
2026-05-22T19:14:28.665896Z,kubernetes-admin,,0,0.0,0
2026-05-22T19:14:28.665896Z,kubernetes-admin,,0,0.0,0
2026-05-22T19:14:28.671278Z,kubernetes-admin,,0,0.0,0
2026-05-22T19:14:28.671278Z,kubernetes-admin,,0,0.0,0
2026-05-22T19:14:28.744411Z,kubernetes-admin,,0,0.0,0
2026-05-22T19:14:28.829493Z,kubernetes-admin,,0,0.0001,0
2026-05-22T19:14:28.904072Z,kubernetes-admin,,0,0.0,0
2026-05-22T19:14:28.915060Z,kubernetes-admin,,0,0.0001,0
2026-05-22T19:14:28.915060Z,kubernetes-admin,,0,0.0,0
2026-05-22T19:14:29.045893Z,kubernetes-admin,,0,0.0001,0
2026-05-22T19:14:29.055976Z,kubernetes-admin,,0,0.0002,0
2026-05-22T19:14:29.055976Z,kubernetes-admin,,0,0.0031,0
2026-05-22T19:14:29.190378Z,kubernetes-admin,,0,0.0,0
2026-05-22T19:14:29.260102Z,kubernetes-admin,,0,0.0001,0
2026-05-22T19:14:29.331308Z,kubernetes-admin,,0,0.0003,0
2026-05-22T19:14:29.401103Z,kubernetes-admin,,0,0.0228,0
2026-05-22T19:14:29.495054Z,kubernetes-admin,,0,0.0001,0
2026-05-22T19:14:29.598718Z,system:kube-scheduler,,0,0.0,0
2026-05-22T19:14:29.878963Z,kubernetes-admin,,0,0.0007,0
2026-05-22T19:14:29.951417Z,kubernetes-admin,,0,0.0016,0
2026-05-22T19:14:30.321653Z,system:kube-controller-manager,,0,0.0,0
2026-05-22T19:14:30.441443Z,kubernetes-admin,,0,0.0002,0
2026-05-22T19:14:30.725472Z,kubernetes-admin,,0,0.0001,0
2026-05-22T19:14:30.907259Z,kubernetes-admin,,0,0.0,0
2026-05-22T19:14:30.911088Z,kubernetes-admin,,0,0.0,0
2026-05-22T19:14:30.914403Z,kubernetes-admin,,0,0.0001,0
2026-05-22T19:14:30.918922Z,kubernetes-admin,,0,0.0,0
2026-05-22T19:14:30.990195Z,kubernetes-admin,,0,0.0,0
2026-05-22T19:14:31.168003Z,kubernetes-admin,,0,0.0001,0
2026-05-22T19:14:31.453594Z,kubernetes-admin,,0,0.0,0
2026-05-22T19:14:31.456888Z,kubernetes-admin,,0,0.0,0
2026-05-22T19:14:31.543372Z,kubernetes-admin,,0,0.0,0
2026-05-22T19:14:31.604513Z,system:kube-scheduler,,0,0.0,0
2026-05-22T19:14:31.619465Z,kubernetes-admin,,0,0.0,0
2026-05-22T19:14:31.630951Z,kubernetes-admin,,0,0.0,0
2026-05-22T19:14:31.630951Z,kubernetes-admin,,0,0.0,0
2026-05-22T19:14:31.695521Z,system:kube-scheduler,,0,0.0,0
2026-05-22T19:14:31.768021Z,kubernetes-admin,,0,0.0,0
2026-05-22T19:14:31.779754Z,kubernetes-admin,,0,0.0,0
2026-05-22T19:14:31.779754Z,kubernetes-admin,,0,0.0001,0
2026-05-22T19:14:31.914145Z,kubernetes-admin,,0,0.0,0
2026-05-22T19:14:31.986192Z,kubernetes-admin,,0,0.0,0
2026-05-22T19:14:32.058407Z,kubernetes-admin,,0,0.0001,0
2026-05-22T19:14:32.131429Z,kubernetes-admin,,0,0.0001,0
2026-05-22T19:14:32.201581Z,kubernetes-admin,,0,0.0001,0
2026-05-22T19:14:32.274417Z,kubernetes-admin,,0,0.0005,0
2026-05-22T19:14:32.279740Z,kubernetes-admin,,0,0.0002,0
2026-05-22T19:14:32.326355Z,system:kube-controller-manager,,0,0.0,0
2026-05-22T19:14:32.351923Z,kubernetes-admin,,0,0.0,0
2026-05-22T19:14:32.356605Z,kubernetes-admin,,0,0.0001,0
2026-05-22T19:14:32.427968Z,kubernetes-admin,,0,0.0002,0
2026-05-22T19:14:32.501673Z,kubernetes-admin,,0,0.0012,0
2026-05-22T19:14:32.505502Z,system:kube-scheduler,,0,0.0,0
2026-05-22T19:14:32.509799Z,system:kube-scheduler,,0,0.0,0
2026-05-22T19:14:32.512737Z,system:node:runtime-ids-control-plane,,0,0.0,0
2026-05-22T19:14:32.512931Z,system:node:runtime-ids-control-plane,,0,0.0,0
2026-05-22T19:14:32.512931Z,system:node:runtime-ids-control-plane,,0,0.0,0
2026-05-22T19:14:32.515762Z,system:node:runtime-ids-control-plane,,0,0.0,0
2026-05-22T19:14:32.579724Z,kubernetes-admin,,0,0.0004,0
2026-05-22T19:14:32.587229Z,kubernetes-admin,,0,0.0001,0
2026-05-22T19:14:32.639827Z,system:node:runtime-ids-control-plane,,0,0.0,0
2026-05-22T19:14:32.641309Z,system:node:runtime-ids-control-plane,,0,0.0,0
2026-05-22T19:14:32.702737Z,kubernetes-admin,container_exec,1,0.9982,1
2026-05-22T19:14:32.781925Z,kubernetes-admin,container_exec,1,0.9996,1
2026-05-22T19:14:32.792558Z,kubernetes-admin,container_exec,1,0.9989,1
2026-05-22T19:14:32.792558Z,kubernetes-admin,container_exec,1,0.9997,1
2026-05-22T19:14:32.923741Z,kubernetes-admin,container_exec,1,0.9998,1
2026-05-22T19:14:32.935346Z,kubernetes-admin,container_exec,1,0.9966,1
2026-05-22T19:14:32.935346Z,kubernetes-admin,container_exec,1,0.9997,1
2026-05-22T19:14:32.942557Z,system:node:runtime-ids-control-plane,,0,0.0,0
2026-05-22T19:14:33.073867Z,kubernetes-admin,container_exec,1,0.9999,1
2026-05-22T19:14:33.085108Z,kubernetes-admin,container_exec,1,0.9998,1
2026-05-22T19:14:33.085108Z,kubernetes-admin,container_exec,1,0.9999,1
2026-05-22T19:14:33.146971Z,system:node:runtime-ids-control-plane,,0,0.0,0
2026-05-22T19:14:33.149084Z,system:node:runtime-ids-control-plane,,0,0.0,0
2026-05-22T19:14:33.176009Z,system:node:runtime-ids-control-plane,,0,0.0,0
2026-05-22T19:14:33.514182Z,kubernetes-admin,discovery,1,0.9948,1
2026-05-22T19:14:33.586961Z,kubernetes-admin,discovery,1,0.9997,1
2026-05-22T19:14:33.608520Z,system:kube-scheduler,,0,0.0,0
2026-05-22T19:14:33.863679Z,kubernetes-admin,discovery,1,0.9999,1
2026-05-22T19:14:33.937213Z,kubernetes-admin,discovery,1,0.9999,1
2026-05-22T19:14:34.009097Z,kubernetes-admin,discovery,1,0.9998,1
2026-05-22T19:14:34.090608Z,kubernetes-admin,discovery,1,0.9997,1
2026-05-22T19:14:34.174231Z,system:node:runtime-ids-control-plane,,0,0.0,0
2026-05-22T19:14:34.177610Z,kubernetes-admin,discovery,1,0.9998,1
2026-05-22T19:14:34.178404Z,system:node:runtime-ids-control-plane,,0,0.0,0
2026-05-22T19:14:34.306308Z,system:apiserver,,0,0.0,0
2026-05-22T19:14:34.309011Z,system:apiserver,,0,0.0,0
2026-05-22T19:14:34.332603Z,system:kube-controller-manager,,0,0.0,0
2026-05-22T19:14:34.566722Z,kubernetes-admin,discovery,1,0.9998,1
2026-05-22T19:14:34.634937Z,kubernetes-admin,discovery,1,0.9999,1
2026-05-22T19:14:34.639189Z,kubernetes-admin,discovery,1,0.9999,1
2026-05-22T19:14:34.905574Z,system:node:runtime-ids-control-plane,,0,0.0,0
2026-05-22T19:14:35.022802Z,kubernetes-admin,discovery,1,0.9998,1
2026-05-22T19:14:35.352786Z,kubernetes-admin,discovery,1,0.9998,1
2026-05-22T19:14:35.510853Z,kubernetes-admin,token_theft,1,0.9999,1
2026-05-22T19:14:35.578770Z,kubernetes-admin,token_theft,1,0.9999,1
2026-05-22T19:14:35.614303Z,system:kube-scheduler,,0,0.0,0
2026-05-22T19:14:35.958114Z,kubernetes-admin,token_theft,1,0.9999,1
2026-05-22T19:14:36.016196Z,system:apiserver,,0,0.0,0
2026-05-22T19:14:36.026568Z,kubernetes-admin,token_theft,1,0.9999,1
2026-05-22T19:14:36.209524Z,kubernetes-admin,container_escape,1,0.9999,1
2026-05-22T19:14:36.212849Z,kubernetes-admin,container_escape,1,0.9999,1
2026-05-22T19:14:36.217567Z,system:kube-scheduler,,0,0.0,0
2026-05-22T19:14:36.221370Z,system:kube-scheduler,,0,0.0,0
2026-05-22T19:14:36.223173Z,system:node:runtime-ids-control-plane,,0,0.0,0
2026-05-22T19:14:36.223173Z,system:node:runtime-ids-control-plane,,0,0.0,0
2026-05-22T19:14:36.223182Z,system:node:runtime-ids-control-plane,,0,0.0,0
2026-05-22T19:14:36.226307Z,system:node:runtime-ids-control-plane,,0,0.0,0
2026-05-22T19:14:36.328324Z,kubernetes-admin,,0,0.0005,0
2026-05-22T19:14:36.337321Z,system:kube-controller-manager,,0,0.0,0
2026-05-22T19:14:36.337603Z,kubernetes-admin,,0,0.0001,0
2026-05-22T19:14:36.453118Z,kubernetes-admin,privilege_escalation,1,0.9999,1
2026-05-22T19:14:36.490891Z,system:node:runtime-ids-control-plane,,0,0.0,0
2026-05-22T19:14:36.492451Z,system:node:runtime-ids-control-plane,,0,0.0,0
2026-05-22T19:14:36.520720Z,kubernetes-admin,privilege_escalation,1,0.9996,1
2026-05-22T19:14:36.588773Z,kubernetes-admin,privilege_escalation,1,0.9999,1
2026-05-22T19:14:36.658174Z,kubernetes-admin,privilege_escalation,1,0.9999,1
2026-05-22T19:14:36.661694Z,kubernetes-admin,privilege_escalation,1,0.9999,1
2026-05-22T19:14:36.674386Z,kubernetes-admin,privilege_escalation,1,0.9999,1
2026-05-22T19:14:36.740207Z,kubernetes-admin,privilege_escalation,1,0.9999,1
2026-05-22T19:14:36.844805Z,kubernetes-admin,,0,0.0004,0
2026-05-22T19:14:36.853238Z,kubernetes-admin,,0,0.0006,0
2026-05-22T19:14:36.922209Z,kubernetes-admin,,0,0.0003,0
2026-05-22T19:14:36.927306Z,kubernetes-admin,,0,0.0,0
2026-05-22T19:14:36.995873Z,kubernetes-admin,,0,0.0001,0
2026-05-22T19:14:36.999714Z,system:node:runtime-ids-control-plane,,0,0.0,0
2026-05-22T19:14:37.000445Z,kubernetes-admin,,0,0.0,0
2026-05-22T19:14:37.001201Z,system:node:runtime-ids-control-plane,,0,0.0001,0
2026-05-22T19:14:37.070352Z,kubernetes-admin,,0,0.0,0
2026-05-22T19:14:37.075165Z,kubernetes-admin,,0,0.0,0
2026-05-22T19:14:37.144153Z,kubernetes-admin,,0,0.0,0
2026-05-22T19:14:37.149061Z,kubernetes-admin,,0,0.0002,0
2026-05-22T19:14:37.184968Z,system:node:runtime-ids-control-plane,,0,0.0,0
2026-05-22T19:14:37.260939Z,kubernetes-admin,credential_theft,1,0.9997,1
2026-05-22T19:14:37.331342Z,kubernetes-admin,credential_theft,1,0.9999,1
2026-05-22T19:14:37.402789Z,kubernetes-admin,credential_theft,1,0.9999,1
2026-05-22T19:14:37.471913Z,kubernetes-admin,credential_theft,1,0.9999,1
2026-05-22T19:14:37.541678Z,kubernetes-admin,credential_theft,1,0.9999,1
2026-05-22T19:14:37.618352Z,system:kube-scheduler,,0,0.0,0
2026-05-22T19:14:37.665042Z,kubernetes-admin,,0,0.6506,1
2026-05-22T19:14:37.738699Z,kubernetes-admin,,0,0.2394,0
2026-05-22T19:14:37.809474Z,kubernetes-admin,,0,0.0001,0
2026-05-22T19:14:37.880326Z,kubernetes-admin,,0,0.0001,0
2026-05-22T19:14:37.950288Z,kubernetes-admin,,0,0.0001,0
2026-05-22T19:14:38.020652Z,kubernetes-admin,,0,0.0002,0
2026-05-22T19:14:38.097934Z,kubernetes-admin,,0,0.0002,0
2026-05-22T19:14:38.104309Z,kubernetes-admin,,0,0.0001,0
2026-05-22T19:14:38.104309Z,kubernetes-admin,,0,0.0,0
2026-05-22T19:14:38.109739Z,kubernetes-admin,,0,0.0,0
2026-05-22T19:14:38.109739Z,kubernetes-admin,,0,0.0,0
2026-05-22T19:14:38.115567Z,kubernetes-admin,,0,0.0,0
2026-05-22T19:14:38.115567Z,kubernetes-admin,,0,0.0,0
2026-05-22T19:14:38.186910Z,system:node:runtime-ids-control-plane,,0,0.0,0
2026-05-22T19:14:38.189946Z,system:node:runtime-ids-control-plane,,0,0.0,0
2026-05-22T19:14:38.191218Z,kubernetes-admin,,0,0.0,0
2026-05-22T19:14:38.194813Z,kubernetes-admin,,0,0.0,0
2026-05-22T19:14:38.276903Z,kubernetes-admin,,0,0.0,0
2026-05-22T19:14:38.343584Z,system:kube-controller-manager,,0,0.0,0
2026-05-22T19:14:38.352664Z,kubernetes-admin,,0,0.0,0
2026-05-22T19:14:38.362956Z,kubernetes-admin,,0,0.0001,0
2026-05-22T19:14:38.362956Z,kubernetes-admin,,0,0.0,0
2026-05-22T19:14:38.497052Z,kubernetes-admin,,0,0.0,0
2026-05-22T19:14:38.567455Z,kubernetes-admin,,0,0.0,0
2026-05-22T19:14:38.638035Z,kubernetes-admin,,0,0.0,0
2026-05-22T19:14:38.707375Z,kubernetes-admin,,0,0.0011,0
2026-05-22T19:14:38.776633Z,kubernetes-admin,,0,0.0011,0
2026-05-22T19:14:38.850518Z,kubernetes-admin,,0,0.0006,0
2026-05-22T19:14:38.855239Z,kubernetes-admin,,0,0.0001,0
2026-05-22T19:14:38.924828Z,kubernetes-admin,,0,0.0,0
2026-05-22T19:14:38.929758Z,kubernetes-admin,,0,0.0001,0
2026-05-22T19:14:39.001309Z,kubernetes-admin,,0,0.0001,0
2026-05-22T19:14:39.069797Z,kubernetes-admin,,0,0.0003,0
2026-05-22T19:14:39.140922Z,kubernetes-admin,,0,0.0001,0
2026-05-22T19:14:39.145869Z,kubernetes-admin,,0,0.0001,0
2026-05-22T19:14:39.220351Z,kubernetes-admin,,0,0.0,0
2026-05-22T19:14:39.225289Z,kubernetes-admin,,0,0.0003,0
2026-05-22T19:14:39.296679Z,kubernetes-admin,,0,0.0011,0
2026-05-22T19:14:39.301618Z,system:kube-scheduler,,0,0.0,0
2026-05-22T19:14:39.305172Z,system:kube-scheduler,,0,0.0,0
2026-05-22T19:14:39.307416Z,system:node:runtime-ids-control-plane,,0,0.0,0
2026-05-22T19:14:39.307517Z,system:node:runtime-ids-control-plane,,0,0.0,0
2026-05-22T19:14:39.307517Z,system:node:runtime-ids-control-plane,,0,0.0,0
2026-05-22T19:14:39.311113Z,system:node:runtime-ids-control-plane,,0,0.0,0
2026-05-22T19:14:39.374977Z,kubernetes-admin,,0,0.0008,0
2026-05-22T19:14:39.383230Z,kubernetes-admin,,0,0.0002,0
2026-05-22T19:14:39.426665Z,system:node:runtime-ids-control-plane,,0,0.0,0
2026-05-22T19:14:39.428393Z,system:node:runtime-ids-control-plane,,0,0.0,0
2026-05-22T19:14:39.470771Z,kubernetes-admin,,0,0.111,0
2026-05-22T19:14:39.622844Z,system:kube-scheduler,,0,0.0,0
2026-05-22T19:14:39.761667Z,kubernetes-admin,,0,0.0416,0
2026-05-22T19:14:39.835441Z,kubernetes-admin,,0,0.0537,0
2026-05-22T19:14:39.907242Z,kubernetes-admin,,0,0.0002,0
2026-05-22T19:14:39.910681Z,kubernetes-admin,,0,0.0002,0
2026-05-22T19:14:39.913745Z,kubernetes-admin,,0,0.0005,0
2026-05-22T19:14:39.917622Z,kubernetes-admin,,0,0.0,0
2026-05-22T19:14:39.933695Z,system:node:runtime-ids-control-plane,,0,0.0,0
2026-05-22T19:14:39.935430Z,system:node:runtime-ids-control-plane,,0,0.0,0
2026-05-22T19:14:40.002978Z,kubernetes-admin,,0,0.0001,0
2026-05-22T19:14:40.076033Z,kubernetes-admin,,0,0.0,0
2026-05-22T19:14:40.085597Z,kubernetes-admin,,0,0.0002,0
2026-05-22T19:14:40.085597Z,kubernetes-admin,,0,0.0002,0
2026-05-22T19:14:40.189095Z,system:node:runtime-ids-control-plane,,0,0.0,0
2026-05-22T19:14:40.193313Z,system:node:runtime-ids-control-plane,,0,0.0,0
2026-05-22T19:14:40.218930Z,kubernetes-admin,,0,0.0,0
2026-05-22T19:14:40.288613Z,kubernetes-admin,,0,0.0,0
2026-05-22T19:14:40.350769Z,system:kube-controller-manager,,0,0.0,0
2026-05-22T19:14:40.359545Z,kubernetes-admin,,0,0.0001,0
2026-05-22T19:14:40.428932Z,kubernetes-admin,,0,0.0,0
2026-05-22T19:14:40.498723Z,kubernetes-admin,,0,0.0,0
2026-05-22T19:14:40.505720Z,kubernetes-admin,,0,0.0,0
2026-05-22T19:14:40.575397Z,kubernetes-admin,,0,0.0,0
2026-05-22T19:14:40.580351Z,kubernetes-admin,,0,0.0,0
2026-05-22T19:14:40.650702Z,kubernetes-admin,,0,0.0,0
2026-05-22T19:14:40.720057Z,kubernetes-admin,,0,0.0,0
2026-05-22T19:14:40.790553Z,kubernetes-admin,,0,0.0,0
2026-05-22T19:14:40.795728Z,kubernetes-admin,,0,0.0001,0
2026-05-22T19:14:40.865070Z,kubernetes-admin,,0,0.0,0
2026-05-22T19:14:40.869548Z,kubernetes-admin,,0,0.0002,0
2026-05-22T19:14:40.935766Z,kubernetes-admin,,0,0.1314,0
2026-05-22T19:14:41.011861Z,kubernetes-admin,,0,0.001,0
2026-05-22T19:14:41.016721Z,system:kube-scheduler,,0,0.0,0
2026-05-22T19:14:41.021926Z,system:kube-scheduler,,0,0.0,0
2026-05-22T19:14:41.024850Z,system:node:runtime-ids-control-plane,,0,0.0,0
2026-05-22T19:14:41.028168Z,system:node:runtime-ids-control-plane,,0,0.0,0
2026-05-22T19:14:41.090190Z,kubernetes-admin,,0,0.0002,0
2026-05-22T19:14:41.098470Z,kubernetes-admin,,0,0.0001,0
2026-05-22T19:14:41.147537Z,system:node:runtime-ids-control-plane,,0,0.0,0
2026-05-22T19:14:41.149461Z,system:node:runtime-ids-control-plane,,0,0.0,0
2026-05-22T19:14:41.191554Z,system:node:runtime-ids-control-plane,,0,0.0,0
2026-05-22T19:14:41.193226Z,system:node:runtime-ids-control-plane,,0,0.0,0
2026-05-22T19:14:41.194731Z,system:node:runtime-ids-control-plane,,0,0.0,0
2026-05-22T19:14:41.195686Z,system:node:runtime-ids-control-plane,,0,0.0,0
2026-05-22T19:14:41.196665Z,system:node:runtime-ids-control-plane,,0,0.0,0
2026-05-22T19:14:41.197687Z,system:node:runtime-ids-control-plane,,0,0.0,0
2026-05-22T19:14:41.209156Z,kubernetes-admin,container_exec,1,0.8945,1
2026-05-22T19:14:41.284535Z,kubernetes-admin,container_exec,1,0.9943,1
2026-05-22T19:14:41.296319Z,kubernetes-admin,container_exec,1,0.9998,1
2026-05-22T19:14:41.296319Z,kubernetes-admin,container_exec,1,0.9995,1
2026-05-22T19:14:41.531356Z,kubernetes-admin,container_exec,1,0.9999,1
2026-05-22T19:14:41.542397Z,kubernetes-admin,container_exec,1,0.9988,1
2026-05-22T19:14:41.542397Z,kubernetes-admin,container_exec,1,0.9996,1
2026-05-22T19:14:41.629476Z,system:kube-scheduler,,0,0.0,0
2026-05-22T19:14:41.674061Z,kubernetes-admin,container_exec,1,0.9999,1
2026-05-22T19:14:41.685246Z,kubernetes-admin,container_exec,1,0.9999,1
2026-05-22T19:14:41.685246Z,kubernetes-admin,container_exec,1,0.9999,1
2026-05-22T19:14:41.883920Z,kubernetes-admin,token_theft,1,0.9999,1
2026-05-22T19:14:42.063163Z,kubernetes-admin,token_theft,1,0.9999,1
2026-05-22T19:14:42.132259Z,kubernetes-admin,token_theft,1,0.9999,1
2026-05-22T19:14:42.194290Z,system:node:runtime-ids-control-plane,,0,0.0,0
2026-05-22T19:14:42.196026Z,system:node:runtime-ids-control-plane,,0,0.0,0
2026-05-22T19:14:42.199163Z,system:node:runtime-ids-control-plane,,0,0.0,0
2026-05-22T19:14:42.200407Z,system:node:runtime-ids-control-plane,,0,0.0,0
2026-05-22T19:14:42.355503Z,system:kube-controller-manager,,0,0.0,0
2026-05-22T19:14:42.516799Z,kubernetes-admin,token_theft,1,0.9998,1
2026-05-22T19:14:42.672608Z,kubernetes-admin,discovery,1,0.9997,1
2026-05-22T19:14:42.742744Z,kubernetes-admin,discovery,1,0.9988,1
2026-05-22T19:14:42.815228Z,kubernetes-admin,discovery,1,0.9998,1
2026-05-22T19:14:42.884130Z,kubernetes-admin,discovery,1,0.9997,1
2026-05-22T19:14:42.967158Z,kubernetes-admin,discovery,1,0.9998,1
2026-05-22T19:14:43.051209Z,kubernetes-admin,discovery,1,0.9999,1
2026-05-22T19:14:43.054666Z,kubernetes-admin,discovery,1,0.9999,1
2026-05-22T19:14:43.133461Z,kubernetes-admin,discovery,1,0.9999,1
2026-05-22T19:14:43.175341Z,system:node:runtime-ids-control-plane,,0,0.0,0
2026-05-22T19:14:43.292103Z,kubernetes-admin,credential_theft,1,0.9999,1
2026-05-22T19:14:43.362961Z,kubernetes-admin,credential_theft,1,0.9999,1
2026-05-22T19:14:43.434090Z,kubernetes-admin,credential_theft,1,0.9999,1
2026-05-22T19:14:43.635885Z,system:kube-scheduler,,0,0.0,0
2026-05-22T19:14:43.830466Z,kubernetes-admin,container_escape,1,0.9998,1
2026-05-22T19:14:43.834532Z,kubernetes-admin,container_escape,1,0.9999,1
2026-05-22T19:14:43.838517Z,system:kube-scheduler,,0,0.0,0
2026-05-22T19:14:43.843452Z,system:kube-scheduler,,0,0.0,0
2026-05-22T19:14:43.845534Z,system:node:runtime-ids-control-plane,,0,0.0,0
2026-05-22T19:14:43.845555Z,system:node:runtime-ids-control-plane,,0,0.0,0
2026-05-22T19:14:43.845555Z,system:node:runtime-ids-control-plane,,0,0.0,0
2026-05-22T19:14:43.849517Z,system:node:runtime-ids-control-plane,,0,0.0,0
2026-05-22T19:14:43.952553Z,kubernetes-admin,,0,0.0003,0
2026-05-22T19:14:43.961726Z,kubernetes-admin,,0,0.0001,0
2026-05-22T19:14:43.982628Z,system:node:runtime-ids-control-plane,,0,0.0,0
2026-05-22T19:14:43.984420Z,system:node:runtime-ids-control-plane,,0,0.0,0
2026-05-22T19:14:44.072269Z,kubernetes-admin,privilege_escalation,1,0.9995,1
2026-05-22T19:14:44.075916Z,kubernetes-admin,privilege_escalation,1,0.9999,1
2026-05-22T19:14:44.087900Z,kubernetes-admin,privilege_escalation,1,0.9999,1
2026-05-22T19:14:44.156360Z,kubernetes-admin,privilege_escalation,1,0.9999,1
2026-05-22T19:14:44.199140Z,system:node:runtime-ids-control-plane,,0,0.0,0
2026-05-22T19:14:44.202901Z,system:node:runtime-ids-control-plane,,0,0.0,0
2026-05-22T19:14:44.225003Z,kubernetes-admin,privilege_escalation,1,0.9999,1
2026-05-22T19:14:44.306041Z,system:apiserver,,0,0.0,0
2026-05-22T19:14:44.308552Z,system:apiserver,,0,0.0,0
2026-05-22T19:14:44.336407Z,kubernetes-admin,,0,0.0001,0
2026-05-22T19:14:44.340740Z,kubernetes-admin,,0,0.0003,0
2026-05-22T19:14:44.361549Z,system:kube-controller-manager,,0,0.0,0
2026-05-22T19:14:44.413794Z,kubernetes-admin,,0,0.0001,0
2026-05-22T19:14:44.419172Z,kubernetes-admin,,0,0.0002,0
2026-05-22T19:14:44.488458Z,kubernetes-admin,,0,0.0001,0
2026-05-22T19:14:44.557575Z,kubernetes-admin,,0,0.0001,0
2026-05-22T19:14:44.628247Z,kubernetes-admin,,0,0.0005,0
2026-05-22T19:14:44.633252Z,kubernetes-admin,,0,0.0003,0
2026-05-22T19:14:44.716392Z,kubernetes-admin,,0,0.0001,0
2026-05-22T19:14:44.792624Z,kubernetes-admin,,0,0.0,0
2026-05-22T19:14:44.863270Z,kubernetes-admin,,0,0.0,0
2026-05-22T19:14:44.905506Z,system:node:runtime-ids-control-plane,,0,0.0,0
2026-05-22T19:14:44.936632Z,kubernetes-admin,,0,0.0,0
2026-05-22T19:14:45.007588Z,kubernetes-admin,,0,0.0001,0
2026-05-22T19:14:45.080656Z,kubernetes-admin,,0,0.0,0
2026-05-22T19:14:45.204682Z,system:node:runtime-ids-control-plane,,0,0.0,0
2026-05-22T19:14:45.460384Z,kubernetes-admin,,0,0.0001,0
2026-05-22T19:14:45.541309Z,kubernetes-admin,,0,0.0002,0
2026-05-22T19:14:45.642850Z,system:kube-scheduler,,0,0.0,0
2026-05-22T19:14:45.920569Z,kubernetes-admin,,0,0.0,0
2026-05-22T19:14:45.924194Z,kubernetes-admin,,0,0.0,0
2026-05-22T19:14:45.928988Z,system:serviceaccount:kube-system:deployment-controller,,0,0.0,0
2026-05-22T19:14:45.934378Z,system:serviceaccount:kube-system:replicaset-controller,,0,0.0,0
2026-05-22T19:14:45.935827Z,system:serviceaccount:kube-system:deployment-controller,,0,0.0,0
2026-05-22T19:14:45.939736Z,system:kube-scheduler,,0,0.0,0
2026-05-22T19:14:45.940047Z,system:serviceaccount:kube-system:replicaset-controller,,0,0.0,0
2026-05-22T19:14:45.942588Z,system:serviceaccount:kube-system:deployment-controller,,0,0.0,0
2026-05-22T19:14:45.944649Z,system:serviceaccount:kube-system:replicaset-controller,,0,0.0,0
2026-05-22T19:14:45.946124Z,system:kube-scheduler,,0,0.0,0
2026-05-22T19:14:45.948628Z,system:node:runtime-ids-control-plane,,0,0.0,0
2026-05-22T19:14:45.951229Z,system:serviceaccount:kube-system:deployment-controller,,0,0.0,0
2026-05-22T19:14:45.951903Z,system:node:runtime-ids-control-plane,,0,0.0,0
2026-05-22T19:14:45.956472Z,system:node:runtime-ids-control-plane,,0,0.0,0
2026-05-22T19:14:46.017325Z,kubernetes-admin,,0,0.0,0
2026-05-22T19:14:46.095490Z,kubernetes-admin,,0,0.0,0
2026-05-22T19:14:46.106000Z,kubernetes-admin,,0,0.0,0
2026-05-22T19:14:46.106000Z,kubernetes-admin,,0,0.0,0
2026-05-22T19:14:46.113499Z,system:node:runtime-ids-control-plane,,0,0.0,0
2026-05-22T19:14:46.164457Z,system:apiserver,,0,0.0,0
2026-05-22T19:14:46.241018Z,kubernetes-admin,,0,0.0,0
2026-05-22T19:14:46.318674Z,kubernetes-admin,,0,0.0,0
2026-05-22T19:14:46.367395Z,system:kube-controller-manager,,0,0.0,0
2026-05-22T19:14:46.395418Z,kubernetes-admin,,0,0.0,0
2026-05-22T19:14:46.415318Z,system:node:runtime-ids-control-plane,,0,0.0,0
2026-05-22T19:14:46.431447Z,system:node:runtime-ids-control-plane,,0,0.0,0
2026-05-22T19:14:46.439343Z,system:apiserver,,0,0.0,0
2026-05-22T19:14:46.469697Z,kubernetes-admin,,0,0.0,0
2026-05-22T19:14:46.545448Z,kubernetes-admin,,0,0.0001,0
2026-05-22T19:14:46.545473Z,system:node:runtime-ids-control-plane,,0,0.0,0
2026-05-22T19:14:46.550585Z,kubernetes-admin,,0,0.0,0
2026-05-22T19:14:46.623646Z,kubernetes-admin,,0,0.0,0
2026-05-22T19:14:46.628338Z,kubernetes-admin,,0,0.0,0
2026-05-22T19:14:46.695598Z,kubernetes-admin,,0,0.0,0
2026-05-22T19:14:46.767610Z,kubernetes-admin,,0,0.0002,0
2026-05-22T19:14:46.771686Z,system:kube-scheduler,,0,0.0,0
2026-05-22T19:14:46.776473Z,system:kube-scheduler,,0,0.0,0
2026-05-22T19:14:46.778284Z,system:node:runtime-ids-control-plane,,0,0.0,0
2026-05-22T19:14:46.778284Z,system:node:runtime-ids-control-plane,,0,0.0,0
2026-05-22T19:14:46.778285Z,system:node:runtime-ids-control-plane,,0,0.0,0
2026-05-22T19:14:46.780467Z,system:node:runtime-ids-control-plane,,0,0.0,0
2026-05-22T19:14:46.783455Z,system:node:runtime-ids-control-plane,,0,0.0,0
2026-05-22T19:14:46.842384Z,kubernetes-admin,,0,0.0001,0
2026-05-22T19:14:46.852331Z,kubernetes-admin,,0,0.0003,0
2026-05-22T19:14:46.918584Z,system:node:runtime-ids-control-plane,,0,0.0,0
2026-05-22T19:14:46.920234Z,system:node:runtime-ids-control-plane,,0,0.0,0
2026-05-22T19:14:46.938057Z,kubernetes-admin,,0,0.0016,0
2026-05-22T19:14:46.941619Z,kubernetes-admin,,0,0.0004,0
2026-05-22T19:14:46.944379Z,kubernetes-admin,,0,0.0015,0
2026-05-22T19:14:46.948390Z,kubernetes-admin,,0,0.0,0
2026-05-22T19:14:47.021366Z,kubernetes-admin,,0,0.0,0
2026-05-22T19:14:47.092393Z,kubernetes-admin,,0,0.0,0
2026-05-22T19:14:47.166695Z,kubernetes-admin,,0,0.0,0
2026-05-22T19:14:47.209955Z,system:node:runtime-ids-control-plane,,0,0.0,0
2026-05-22T19:14:47.213679Z,system:node:runtime-ids-control-plane,,0,0.0,0
2026-05-22T19:14:47.218643Z,system:node:runtime-ids-control-plane,,0,0.0,0
2026-05-22T19:14:47.219056Z,system:serviceaccount:kube-system:endpoint-controller,,0,0.0,0
2026-05-22T19:14:47.219069Z,system:serviceaccount:kube-system:replicaset-controller,,0,0.0,0
2026-05-22T19:14:47.219592Z,system:serviceaccount:kube-system:endpointslice-controller,,0,0.0,0
2026-05-22T19:14:47.224916Z,system:serviceaccount:kube-system:deployment-controller,,0,0.0,0
2026-05-22T19:14:47.242653Z,kubernetes-admin,,0,0.0,0
2026-05-22T19:14:47.314446Z,kubernetes-admin,,0,0.0002,0
2026-05-22T19:14:47.386011Z,kubernetes-admin,,0,0.0001,0
2026-05-22T19:14:47.466441Z,kubernetes-admin,,0,0.0,0
2026-05-22T19:14:47.473100Z,kubernetes-admin,,0,0.0,0
2026-05-22T19:14:47.473100Z,kubernetes-admin,,0,0.0,0
2026-05-22T19:14:47.478550Z,kubernetes-admin,,0,0.0,0
2026-05-22T19:14:47.478550Z,kubernetes-admin,,0,0.0,0
2026-05-22T19:14:47.484254Z,kubernetes-admin,,0,0.0,0
2026-05-22T19:14:47.484254Z,kubernetes-admin,,0,0.0,0
2026-05-22T19:14:47.490094Z,kubernetes-admin,,0,0.0,0
2026-05-22T19:14:47.490094Z,kubernetes-admin,,0,0.0,0
2026-05-22T19:14:47.566516Z,kubernetes-admin,,0,0.0,0
2026-05-22T19:14:47.570124Z,kubernetes-admin,,0,0.0,0
2026-05-22T19:14:47.574454Z,system:serviceaccount:kube-system:deployment-controller,,0,0.0,0
2026-05-22T19:14:47.578396Z,system:serviceaccount:kube-system:replicaset-controller,,0,0.0,0
2026-05-22T19:14:47.578797Z,system:serviceaccount:kube-system:deployment-controller,,0,0.0,0
2026-05-22T19:14:47.583408Z,system:serviceaccount:kube-system:endpointslice-controller,,0,0.0,0
2026-05-22T19:14:47.583507Z,system:serviceaccount:kube-system:endpoint-controller,,0,0.0,0
2026-05-22T19:14:47.584210Z,system:serviceaccount:kube-system:replicaset-controller,,0,0.0,0
2026-05-22T19:14:47.588743Z,system:serviceaccount:kube-system:replicaset-controller,,0,0.0,0
2026-05-22T19:14:47.593179Z,system:serviceaccount:kube-system:deployment-controller,,0,0.0,0
2026-05-22T19:14:47.648598Z,system:kube-scheduler,,0,0.0,0
2026-05-22T19:14:47.658865Z,kubernetes-admin,,0,0.0,0
2026-05-22T19:14:47.735620Z,kubernetes-admin,,0,0.0,0
2026-05-22T19:14:47.745898Z,kubernetes-admin,,0,0.0,0
2026-05-22T19:14:47.745898Z,kubernetes-admin,,0,0.0,0
2026-05-22T19:14:47.824102Z,system:kube-controller-manager,,0,0.0,0
2026-05-22T19:14:47.879552Z,kubernetes-admin,,0,0.0001,0
2026-05-22T19:14:47.890563Z,kubernetes-admin,,0,0.0001,0
2026-05-22T19:14:47.890563Z,kubernetes-admin,,0,0.0006,0
2026-05-22T19:14:48.021251Z,kubernetes-admin,,0,0.0,0
2026-05-22T19:14:48.091935Z,kubernetes-admin,,0,0.0,0
2026-05-22T19:14:48.158111Z,kubernetes-admin,,0,0.0005,0
2026-05-22T19:14:48.212233Z,system:node:runtime-ids-control-plane,,0,0.0,0
2026-05-22T19:14:48.212388Z,system:node:runtime-ids-control-plane,,0,0.0,0
2026-05-22T19:14:48.217206Z,system:node:runtime-ids-control-plane,,0,0.0,0
2026-05-22T19:14:48.222603Z,system:node:runtime-ids-control-plane,,0,0.0,0
2026-05-22T19:14:48.227296Z,system:node:runtime-ids-control-plane,,0,0.0,0
2026-05-22T19:14:48.320729Z,kubernetes-admin,container_escape,1,0.9996,1
2026-05-22T19:14:48.324331Z,kubernetes-admin,container_escape,1,0.9998,1
2026-05-22T19:14:48.328769Z,system:kube-scheduler,,0,0.0,0
2026-05-22T19:14:48.332722Z,system:kube-scheduler,,0,0.0,0
2026-05-22T19:14:48.334498Z,system:node:runtime-ids-control-plane,,0,0.0,0
2026-05-22T19:14:48.334498Z,system:node:runtime-ids-control-plane,,0,0.0,0
2026-05-22T19:14:48.334499Z,system:node:runtime-ids-control-plane,,0,0.0,0
2026-05-22T19:14:48.338625Z,system:node:runtime-ids-control-plane,,0,0.0,0
2026-05-22T19:14:48.343760Z,system:node:runtime-ids-control-plane,,0,0.0,0
2026-05-22T19:14:48.372387Z,system:kube-controller-manager,,0,0.0,0
2026-05-22T19:14:48.412532Z,system:node:runtime-ids-control-plane,,0,0.0,0
2026-05-22T19:14:48.414065Z,system:node:runtime-ids-control-plane,,0,0.0,0
2026-05-22T19:14:48.416777Z,system:node:runtime-ids-control-plane,,0,0.0,0
2026-05-22T19:14:48.421775Z,system:serviceaccount:kube-system:replicaset-controller,,0,0.0,0
2026-05-22T19:14:48.422199Z,system:serviceaccount:kube-system:endpointslice-controller,,0,0.0,0
2026-05-22T19:14:48.426230Z,system:serviceaccount:kube-system:deployment-controller,,0,0.0,0
2026-05-22T19:14:48.436474Z,system:node:runtime-ids-control-plane,,0,0.0,0
2026-05-22T19:14:48.443925Z,kubernetes-admin,,0,0.0007,0
2026-05-22T19:14:48.456342Z,kubernetes-admin,,0,0.0009,0
2026-05-22T19:14:48.565373Z,system:node:runtime-ids-control-plane,,0,0.0,0
2026-05-22T19:14:48.574363Z,kubernetes-admin,discovery,1,0.9967,1
2026-05-22T19:14:48.587182Z,system:node:runtime-ids-control-plane,,0,0.0,0
2026-05-22T19:14:48.706695Z,system:node:runtime-ids-control-plane,,0,0.0,0
2026-05-22T19:14:48.959228Z,system:kube-scheduler,,0,0.0,0
2026-05-22T19:14:48.959623Z,kubernetes-admin,discovery,1,0.9949,1
2026-05-22T19:14:48.983650Z,kubernetes-admin,discovery,1,0.9999,1
2026-05-22T19:14:49.074144Z,kubernetes-admin,discovery,1,0.9998,1
2026-05-22T19:14:49.077682Z,kubernetes-admin,discovery,1,0.9999,1
2026-05-22T19:14:49.153595Z,kubernetes-admin,discovery,1,0.9999,1
2026-05-22T19:14:49.216419Z,system:node:runtime-ids-control-plane,,0,0.0,0
2026-05-22T19:14:49.219195Z,system:node:runtime-ids-control-plane,,0,0.0,0
2026-05-22T19:14:49.220364Z,system:node:runtime-ids-control-plane,,0,0.0,0
2026-05-22T19:14:49.224324Z,system:node:runtime-ids-control-plane,,0,0.0,0
2026-05-22T19:14:49.227175Z,kubernetes-admin,discovery,1,0.9996,1
2026-05-22T19:14:49.653560Z,system:kube-scheduler,,0,0.0,0
2026-05-22T19:14:49.710515Z,kubernetes-admin,discovery,1,0.9998,1
2026-05-22T19:14:49.832055Z,system:kube-controller-manager,,0,0.0,0
2026-05-22T19:14:49.862644Z,kubernetes-admin,container_exec,1,0.9943,1
2026-05-22T19:14:49.939687Z,kubernetes-admin,container_exec,1,0.9981,1
2026-05-22T19:14:49.950404Z,kubernetes-admin,container_exec,1,0.9999,1
2026-05-22T19:14:49.950404Z,kubernetes-admin,container_exec,1,0.9997,1
2026-05-22T19:14:50.080976Z,kubernetes-admin,container_exec,1,0.9994,1
2026-05-22T19:14:50.091279Z,kubernetes-admin,container_exec,1,0.9998,1
2026-05-22T19:14:50.091279Z,kubernetes-admin,container_exec,1,0.9998,1
2026-05-22T19:14:50.297617Z,kubernetes-admin,privilege_escalation,1,0.9999,1
2026-05-22T19:14:50.303288Z,kubernetes-admin,privilege_escalation,1,0.9999,1
2026-05-22T19:14:50.315893Z,kubernetes-admin,privilege_escalation,1,0.9999,1
2026-05-22T19:14:50.377563Z,system:kube-controller-manager,,0,0.0,0
2026-05-22T19:14:50.383707Z,kubernetes-admin,privilege_escalation,1,0.9999,1
2026-05-22T19:14:50.452602Z,kubernetes-admin,privilege_escalation,1,0.9999,1
2026-05-22T19:14:50.523167Z,kubernetes-admin,privilege_escalation,1,0.9998,1
2026-05-22T19:14:50.526972Z,kubernetes-admin,privilege_escalation,1,0.9999,1
2026-05-22T19:14:50.539346Z,kubernetes-admin,privilege_escalation,1,0.9999,1
2026-05-22T19:14:50.608318Z,kubernetes-admin,privilege_escalation,1,0.9999,1
2026-05-22T19:14:50.718177Z,kubernetes-admin,,0,0.0002,0
2026-05-22T19:14:50.723041Z,kubernetes-admin,,0,0.0001,0
2026-05-22T19:14:50.792045Z,kubernetes-admin,,0,0.0,0
2026-05-22T19:14:50.798367Z,kubernetes-admin,,0,0.0,0
2026-05-22T19:14:50.825264Z,system:kube-controller-manager,,0,0.0,0
2026-05-22T19:14:50.835828Z,system:kube-controller-manager,,0,0.0,0
2026-05-22T19:14:50.856358Z,system:serviceaccount:kube-system:resourcequota-controller,,0,0.0,0
2026-05-22T19:14:50.858363Z,system:serviceaccount:kube-system:resourcequota-controller,,0,0.0,0
2026-05-22T19:14:50.872039Z,kubernetes-admin,,0,0.0,0
2026-05-22T19:14:50.876161Z,kubernetes-admin,,0,0.0,0
2026-05-22T19:14:50.947617Z,kubernetes-admin,,0,0.0001,0
2026-05-22T19:14:50.952337Z,kubernetes-admin,,0,0.0001,0
2026-05-22T19:14:50.987219Z,system:serviceaccount:kube-system:generic-garbage-collector,,0,0.0,0
2026-05-22T19:14:50.989080Z,system:serviceaccount:kube-system:generic-garbage-collector,,0,0.0,0
2026-05-22T19:14:51.022557Z,kubernetes-admin,,0,0.0001,0
2026-05-22T19:14:51.028207Z,kubernetes-admin,,0,0.0003,0
2026-05-22T19:14:51.141340Z,kubernetes-admin,credential_theft,1,0.9997,1
2026-05-22T19:14:51.210208Z,kubernetes-admin,credential_theft,1,0.9999,1
2026-05-22T19:14:51.282844Z,kubernetes-admin,credential_theft,1,0.9999,1
2026-05-22T19:14:51.358221Z,kubernetes-admin,credential_theft,1,0.9998,1
2026-05-22T19:14:51.408636Z,system:serviceaccount:local-path-storage:local-path-provisioner-service-account,,0,0.0,0
2026-05-22T19:14:51.431911Z,kubernetes-admin,credential_theft,1,0.9996,1
2026-05-22T19:14:51.504181Z,kubernetes-admin,credential_theft,1,0.9991,1
2026-05-22T19:14:51.655324Z,kubernetes-admin,token_theft,1,0.9999,1
2026-05-22T19:14:51.658318Z,system:kube-scheduler,,0,0.0,0
2026-05-22T19:14:51.723762Z,kubernetes-admin,token_theft,1,0.9996,1
2026-05-22T19:14:51.791537Z,kubernetes-admin,token_theft,1,0.9998,1
2026-05-22T19:14:51.917549Z,kubernetes-admin,,0,0.0025,0
2026-05-22T19:14:51.990997Z,kubernetes-admin,,0,0.0001,0
2026-05-22T19:14:51.995116Z,kubernetes-admin,,0,0.0001,0
2026-05-22T19:14:51.997972Z,kubernetes-admin,,0,0.0006,0
2026-05-22T19:14:52.002079Z,kubernetes-admin,,0,0.0,0
2026-05-22T19:14:52.229245Z,system:node:runtime-ids-control-plane,,0,0.0,0
2026-05-22T19:14:52.267436Z,system:node:runtime-ids-control-plane,,0,0.0,0
2026-05-22T19:14:52.380585Z,kubernetes-admin,,0,0.0,0
2026-05-22T19:14:52.381235Z,system:kube-controller-manager,,0,0.0,0
2026-05-22T19:14:52.451772Z,kubernetes-admin,,0,0.0,0
2026-05-22T19:14:52.522028Z,kubernetes-admin,,0,0.0,0
2026-05-22T19:14:53.008590Z,kubernetes-admin,,0,0.0001,0
2026-05-22T19:14:53.080918Z,kubernetes-admin,,0,0.0,0
2026-05-22T19:14:53.186737Z,system:node:runtime-ids-control-plane,,0,0.0,0
2026-05-22T19:14:53.197335Z,kubernetes-admin,,0,0.0004,0
2026-05-22T19:14:53.276332Z,kubernetes-admin,,0,0.0,0
2026-05-22T19:14:53.280016Z,kubernetes-admin,,0,0.0,0
2026-05-22T19:14:53.365335Z,kubernetes-admin,,0,0.0,0
2026-05-22T19:14:53.440156Z,kubernetes-admin,,0,0.0,0
2026-05-22T19:14:53.590293Z,kubernetes-admin,,0,0.0,0
2026-05-22T19:14:53.662358Z,system:kube-scheduler,,0,0.0,0
2026-05-22T19:14:53.690232Z,kubernetes-admin,,0,0.0,0
2026-05-22T19:14:53.789677Z,kubernetes-admin,,0,0.0001,0
2026-05-22T19:14:53.884218Z,kubernetes-admin,,0,0.0,0
2026-05-22T19:14:53.967767Z,kubernetes-admin,,0,0.0,0
2026-05-22T19:14:53.973882Z,kubernetes-admin,,0,0.0001,0
2026-05-22T19:14:54.075125Z,kubernetes-admin,,0,0.0,0
2026-05-22T19:14:54.082200Z,kubernetes-admin,,0,0.0001,0
2026-05-22T19:14:54.167958Z,kubernetes-admin,,0,0.0016,0
2026-05-22T19:14:54.259678Z,kubernetes-admin,,0,0.0003,0
2026-05-22T19:14:54.261086Z,system:apiserver,,0,0.0,0
2026-05-22T19:14:54.268985Z,system:kube-scheduler,,0,0.0,0
2026-05-22T19:14:54.273152Z,system:kube-scheduler,,0,0.0,0
2026-05-22T19:14:54.275539Z,system:node:runtime-ids-control-plane,,0,0.0,0
2026-05-22T19:14:54.275579Z,system:node:runtime-ids-control-plane,,0,0.0,0
2026-05-22T19:14:54.275579Z,system:node:runtime-ids-control-plane,,0,0.0,0
2026-05-22T19:14:54.280551Z,system:node:runtime-ids-control-plane,,0,0.0,0
2026-05-22T19:14:54.308722Z,system:apiserver,,0,0.0,0
2026-05-22T19:14:54.312356Z,system:apiserver,,0,0.0,0
2026-05-22T19:14:54.357656Z,kubernetes-admin,,0,0.0001,0
2026-05-22T19:14:54.367964Z,kubernetes-admin,,0,0.0,0
2026-05-22T19:14:54.386442Z,system:kube-controller-manager,,0,0.0,0
2026-05-22T19:14:54.404716Z,system:node:runtime-ids-control-plane,,0,0.0,0
2026-05-22T19:14:54.406848Z,system:node:runtime-ids-control-plane,,0,0.0,0
2026-05-22T19:14:54.469657Z,kubernetes-admin,,0,0.0075,0
2026-05-22T19:14:54.550912Z,kubernetes-admin,,0,0.0002,0
2026-05-22T19:14:54.628833Z,kubernetes-admin,,0,0.0,0
2026-05-22T19:14:54.710721Z,kubernetes-admin,,0,0.0001,0
2026-05-22T19:14:54.795526Z,kubernetes-admin,,0,0.0,0
2026-05-22T19:14:54.801106Z,kubernetes-admin,,0,0.0001,0
2026-05-22T19:14:54.804380Z,kubernetes-admin,,0,0.0001,0
2026-05-22T19:14:54.808518Z,kubernetes-admin,,0,0.0001,0
2026-05-22T19:14:54.909521Z,system:node:runtime-ids-control-plane,,0,0.0,0
2026-05-22T19:14:54.911297Z,system:node:runtime-ids-control-plane,,0,0.0,0
2026-05-22T19:14:54.990106Z,kubernetes-admin,,0,0.0,0
2026-05-22T19:14:54.993466Z,kubernetes-admin,,0,0.0,0
2026-05-22T19:14:54.998628Z,system:serviceaccount:kube-system:deployment-controller,,0,0.0,0
2026-05-22T19:14:55.003626Z,system:serviceaccount:kube-system:replicaset-controller,,0,0.0,0
2026-05-22T19:14:55.003871Z,system:serviceaccount:kube-system:deployment-controller,,0,0.0,0
2026-05-22T19:14:55.004507Z,system:apiserver,,0,0.0,0
2026-05-22T19:14:55.008783Z,system:serviceaccount:kube-system:deployment-controller,,0,0.0,0
2026-05-22T19:14:55.011493Z,system:kube-scheduler,,0,0.0,0
2026-05-22T19:14:55.012583Z,system:serviceaccount:kube-system:replicaset-controller,,0,0.0,0
2026-05-22T19:14:55.017033Z,system:kube-scheduler,,0,0.0,0
2026-05-22T19:14:55.018909Z,system:node:runtime-ids-control-plane,,0,0.0,0
2026-05-22T19:14:55.019517Z,system:serviceaccount:kube-system:replicaset-controller,,0,0.0,0
2026-05-22T19:14:55.021635Z,system:node:runtime-ids-control-plane,,0,0.0,0
2026-05-22T19:14:55.023797Z,system:serviceaccount:kube-system:deployment-controller,,0,0.0,0
2026-05-22T19:14:55.085056Z,kubernetes-admin,,0,0.0,0
2026-05-22T19:14:55.167655Z,kubernetes-admin,,0,0.0,0
2026-05-22T19:14:55.178390Z,kubernetes-admin,,0,0.0,0
2026-05-22T19:14:55.178390Z,kubernetes-admin,,0,0.0,0
2026-05-22T19:14:55.212410Z,system:node:runtime-ids-control-plane,,0,0.0,0
2026-05-22T19:14:55.241895Z,system:node:runtime-ids-control-plane,,0,0.0,0
2026-05-22T19:14:55.319392Z,kubernetes-admin,,0,0.0,0
2026-05-22T19:14:55.390468Z,kubernetes-admin,,0,0.0,0
2026-05-22T19:14:55.473395Z,system:node:runtime-ids-control-plane,,0,0.0,0
2026-05-22T19:14:55.491115Z,system:node:runtime-ids-control-plane,,0,0.0,0
2026-05-22T19:14:55.518886Z,kubernetes-admin,discovery,1,0.9998,1
2026-05-22T19:14:55.595600Z,kubernetes-admin,discovery,1,0.9997,1
2026-05-22T19:14:55.608884Z,system:node:runtime-ids-control-plane,,0,0.0,0
2026-05-22T19:14:55.667241Z,system:kube-scheduler,,0,0.0,0
2026-05-22T19:14:55.671439Z,kubernetes-admin,discovery,1,0.9996,1
2026-05-22T19:14:55.743544Z,kubernetes-admin,discovery,1,0.9999,1
2026-05-22T19:14:55.818162Z,kubernetes-admin,discovery,1,0.9991,1
2026-05-22T19:14:55.894028Z,kubernetes-admin,discovery,1,0.9999,1
2026-05-22T19:14:55.969162Z,kubernetes-admin,discovery,1,0.9996,1
2026-05-22T19:14:56.049199Z,kubernetes-admin,discovery,1,0.9999,1
2026-05-22T19:14:56.124732Z,kubernetes-admin,discovery,1,0.9997,1
2026-05-22T19:14:56.194831Z,kubernetes-admin,discovery,1,0.9999,1
2026-05-22T19:14:56.198784Z,kubernetes-admin,discovery,1,0.9999,1
2026-05-22T19:14:56.241503Z,system:node:runtime-ids-control-plane,,0,0.0,0
2026-05-22T19:14:56.245298Z,system:node:runtime-ids-control-plane,,0,0.0,0
2026-05-22T19:14:56.251203Z,system:serviceaccount:kube-system:endpointslice-controller,,0,0.0,0
2026-05-22T19:14:56.251220Z,system:serviceaccount:kube-system:replicaset-controller,,0,0.0,0
2026-05-22T19:14:56.251220Z,system:serviceaccount:kube-system:endpoint-controller,,0,0.0,0
2026-05-22T19:14:56.251938Z,system:node:runtime-ids-control-plane,,0,0.0,0
2026-05-22T19:14:56.253371Z,system:node:runtime-ids-control-plane,,0,0.0,0
2026-05-22T19:14:56.257123Z,system:serviceaccount:kube-system:deployment-controller,,0,0.0,0
2026-05-22T19:14:56.295358Z,system:apiserver,,0,0.0,0
2026-05-22T19:14:56.390824Z,system:kube-controller-manager,,0,0.0,0
2026-05-22T19:14:56.669652Z,kubernetes-admin,credential_theft,1,0.9999,1
2026-05-22T19:14:56.741280Z,kubernetes-admin,credential_theft,1,0.9999,1
2026-05-22T19:14:56.812200Z,kubernetes-admin,credential_theft,1,0.9999,1
2026-05-22T19:14:57.088153Z,kubernetes-admin,credential_theft,1,0.9999,1
2026-05-22T19:14:57.287890Z,kubernetes-admin,container_escape,1,0.9999,1
2026-05-22T19:14:57.291835Z,kubernetes-admin,container_escape,1,0.9999,1
2026-05-22T19:14:57.296505Z,system:kube-scheduler,,0,0.0,0
2026-05-22T19:14:57.301294Z,system:kube-scheduler,,0,0.0,0
2026-05-22T19:14:57.303268Z,system:node:runtime-ids-control-plane,,0,0.0,0
2026-05-22T19:14:57.303268Z,system:node:runtime-ids-control-plane,,0,0.0,0
2026-05-22T19:14:57.303284Z,system:node:runtime-ids-control-plane,,0,0.0,0
2026-05-22T19:14:57.306487Z,system:node:runtime-ids-control-plane,,0,0.0,0
2026-05-22T19:14:57.406379Z,kubernetes-admin,,0,0.002,0
2026-05-22T19:14:57.416274Z,kubernetes-admin,,0,0.0002,0
2026-05-22T19:14:57.436496Z,system:node:runtime-ids-control-plane,,0,0.0,0
2026-05-22T19:14:57.438158Z,system:node:runtime-ids-control-plane,,0,0.0,0
2026-05-22T19:14:57.527913Z,kubernetes-admin,container_exec,1,0.9998,1
2026-05-22T19:14:57.605020Z,kubernetes-admin,container_exec,1,0.9999,1
2026-05-22T19:14:57.616875Z,kubernetes-admin,container_exec,1,0.9999,1
2026-05-22T19:14:57.616875Z,kubernetes-admin,container_exec,1,0.9999,1
2026-05-22T19:14:57.672371Z,system:kube-scheduler,,0,0.0,0
2026-05-22T19:14:57.746582Z,kubernetes-admin,container_exec,1,0.9998,1
2026-05-22T19:14:57.757519Z,kubernetes-admin,container_exec,1,0.9999,1
2026-05-22T19:14:57.757519Z,kubernetes-admin,container_exec,1,0.9999,1
2026-05-22T19:14:57.886437Z,kubernetes-admin,container_exec,1,0.9999,1
2026-05-22T19:14:57.897026Z,kubernetes-admin,container_exec,1,0.9999,1
2026-05-22T19:14:57.897026Z,kubernetes-admin,container_exec,1,0.9999,1
2026-05-22T19:14:57.940750Z,system:node:runtime-ids-control-plane,,0,0.0,0
2026-05-22T19:14:57.942530Z,system:node:runtime-ids-control-plane,,0,0.0,0
2026-05-22T19:14:58.246396Z,system:node:runtime-ids-control-plane,,0,0.0,0
2026-05-22T19:14:58.252714Z,system:node:runtime-ids-control-plane,,0,0.0,0
2026-05-22T19:14:58.331235Z,kubernetes-admin,container_exec,1,0.9999,1
2026-05-22T19:14:58.342177Z,kubernetes-admin,container_exec,1,0.9999,1
2026-05-22T19:14:58.342177Z,kubernetes-admin,container_exec,1,0.9999,1
2026-05-22T19:14:58.398563Z,system:kube-controller-manager,,0,0.0,0
2026-05-22T19:14:58.413168Z,system:serviceaccount:local-path-storage:local-path-provisioner-service-account,,0,0.0,0
2026-05-22T19:14:58.475669Z,kubernetes-admin,container_exec,1,0.9999,1
2026-05-22T19:14:58.487956Z,kubernetes-admin,container_exec,1,0.9999,1
2026-05-22T19:14:58.487956Z,kubernetes-admin,container_exec,1,0.9999,1
2026-05-22T19:14:58.626507Z,kubernetes-admin,container_exec,1,0.9999,1
2026-05-22T19:14:58.637428Z,kubernetes-admin,container_exec,1,0.9999,1
2026-05-22T19:14:58.637428Z,kubernetes-admin,container_exec,1,0.9999,1
2026-05-22T19:14:58.849611Z,kubernetes-admin,token_theft,1,0.9994,1
2026-05-22T19:14:59.230941Z,kubernetes-admin,token_theft,1,0.9999,1
2026-05-22T19:14:59.251210Z,system:node:runtime-ids-control-plane,,0,0.0,0
2026-05-22T19:14:59.301080Z,kubernetes-admin,token_theft,1,0.9999,1
2026-05-22T19:14:59.375703Z,kubernetes-admin,token_theft,1,0.9999,1
2026-05-22T19:14:59.540478Z,kubernetes-admin,privilege_escalation,1,0.9999,1
2026-05-22T19:14:59.608592Z,kubernetes-admin,privilege_escalation,1,0.9999,1
2026-05-22T19:14:59.676243Z,system:kube-scheduler,,0,0.0,0
2026-05-22T19:14:59.678482Z,kubernetes-admin,privilege_escalation,1,0.9998,1
2026-05-22T19:14:59.752899Z,kubernetes-admin,privilege_escalation,1,0.9999,1
2026-05-22T19:14:59.756419Z,kubernetes-admin,privilege_escalation,1,0.9999,1
2026-05-22T19:14:59.768129Z,kubernetes-admin,privilege_escalation,1,0.9999,1
2026-05-22T19:14:59.835783Z,kubernetes-admin,privilege_escalation,1,0.9999,1
2026-05-22T19:14:59.950541Z,kubernetes-admin,,0,0.0001,0
2026-05-22T19:14:59.954921Z,kubernetes-admin,,0,0.0,0
2026-05-22T19:15:00.025941Z,kubernetes-admin,,0,0.0,0
2026-05-22T19:15:00.030825Z,kubernetes-admin,,0,0.0,0
2026-05-22T19:15:00.101817Z,kubernetes-admin,,0,0.0001,0
2026-05-22T19:15:00.106514Z,kubernetes-admin,,0,0.0,0
2026-05-22T19:15:00.178228Z,kubernetes-admin,,0,0.0001,0
2026-05-22T19:15:00.183434Z,kubernetes-admin,,0,0.0,0
2026-05-22T19:15:00.258032Z,kubernetes-admin,,0,0.0001,0
2026-05-22T19:15:00.263141Z,kubernetes-admin,,0,0.0002,0
2026-05-22T19:15:00.350224Z,kubernetes-admin,,0,0.6248,1
2026-05-22T19:15:00.403456Z,system:kube-controller-manager,,0,0.0,0
2026-05-22T19:15:00.424490Z,kubernetes-admin,,0,0.0001,0
2026-05-22T19:15:00.497649Z,kubernetes-admin,,0,0.0,0
2026-05-22T19:15:00.571287Z,kubernetes-admin,,0,0.0001,0
2026-05-22T19:15:00.656465Z,kubernetes-admin,,0,0.0,0
2026-05-22T19:15:00.664179Z,kubernetes-admin,,0,0.0001,0
2026-05-22T19:15:00.664179Z,kubernetes-admin,,0,0.0,0
2026-05-22T19:15:00.669326Z,kubernetes-admin,,0,0.0,0
2026-05-22T19:15:00.669326Z,kubernetes-admin,,0,0.0,0
2026-05-22T19:15:00.674282Z,kubernetes-admin,,0,0.0,0
2026-05-22T19:15:00.674282Z,kubernetes-admin,,0,0.0,0
2026-05-22T19:15:00.678803Z,kubernetes-admin,,0,0.0,0
2026-05-22T19:15:00.678803Z,kubernetes-admin,,0,0.0,0
2026-05-22T19:15:00.753174Z,kubernetes-admin,,0,0.0,0
2026-05-22T19:15:00.756840Z,kubernetes-admin,,0,0.0,0
2026-05-22T19:15:00.761326Z,system:serviceaccount:kube-system:deployment-controller,,0,0.0,0
2026-05-22T19:15:00.765536Z,system:serviceaccount:kube-system:replicaset-controller,,0,0.0,0
2026-05-22T19:15:00.766406Z,system:serviceaccount:kube-system:deployment-controller,,0,0.0,0
2026-05-22T19:15:00.770404Z,system:serviceaccount:kube-system:endpointslice-controller,,0,0.0,0
2026-05-22T19:15:00.770667Z,system:serviceaccount:kube-system:endpoint-controller,,0,0.0,0
2026-05-22T19:15:00.770926Z,system:node:runtime-ids-control-plane,,0,0.0,0
2026-05-22T19:15:00.771151Z,system:node:runtime-ids-control-plane,,0,0.0,0
2026-05-22T19:15:00.771479Z,system:serviceaccount:kube-system:replicaset-controller,,0,0.0,0
2026-05-22T19:15:00.774708Z,system:node:runtime-ids-control-plane,,0,0.0,0
2026-05-22T19:15:00.777696Z,system:serviceaccount:kube-system:replicaset-controller,,0,0.0,0
2026-05-22T19:15:00.784274Z,system:node:runtime-ids-control-plane,,0,0.0,0
2026-05-22T19:15:00.785092Z,system:serviceaccount:kube-system:deployment-controller,,0,0.0,0
2026-05-22T19:15:00.852886Z,kubernetes-admin,,0,0.0,0
2026-05-22T19:15:00.935534Z,kubernetes-admin,,0,0.0,0
2026-05-22T19:15:00.947348Z,kubernetes-admin,,0,0.0,0
2026-05-22T19:15:00.947348Z,kubernetes-admin,,0,0.0,0
2026-05-22T19:15:00.976842Z,system:node:runtime-ids-control-plane,,0,0.0,0
2026-05-22T19:15:00.980644Z,system:node:runtime-ids-control-plane,,0,0.0,0
2026-05-22T19:15:00.987333Z,system:serviceaccount:kube-system:replicaset-controller,,0,0.0,0
2026-05-22T19:15:00.987980Z,system:serviceaccount:kube-system:endpointslice-controller,,0,0.0,0
2026-05-22T19:15:00.993073Z,system:serviceaccount:kube-system:deployment-controller,,0,0.0,0
2026-05-22T19:15:01.084957Z,kubernetes-admin,,0,0.0,0
2026-05-22T19:15:01.158133Z,kubernetes-admin,,0,0.0,0
2026-05-22T19:15:01.229657Z,kubernetes-admin,,0,0.0,0
2026-05-22T19:15:01.256896Z,system:node:runtime-ids-control-plane,,0,0.0,0
2026-05-22T19:15:01.261525Z,system:node:runtime-ids-control-plane,,0,0.0,0
2026-05-22T19:15:01.265114Z,system:node:runtime-ids-control-plane,,0,0.0,0
2026-05-22T19:15:01.302495Z,kubernetes-admin,,0,0.0006,0
2026-05-22T19:15:01.371303Z,kubernetes-admin,,0,0.001,0
2026-05-22T19:15:01.420775Z,system:kube-scheduler,,0,0.0,0
2026-05-22T19:15:01.444059Z,kubernetes-admin,,0,0.0007,0
2026-05-22T19:15:01.449388Z,kubernetes-admin,,0,0.0001,0
2026-05-22T19:15:01.519217Z,kubernetes-admin,,0,0.0,0
2026-05-22T19:15:01.523719Z,kubernetes-admin,,0,0.0001,0
2026-05-22T19:15:01.595158Z,kubernetes-admin,,0,0.0001,0
2026-05-22T19:15:01.664754Z,kubernetes-admin,,0,0.0003,0
2026-05-22T19:15:01.680385Z,system:kube-scheduler,,0,0.0,0
2026-05-22T19:15:01.737252Z,kubernetes-admin,,0,0.0001,0
2026-05-22T19:15:01.741938Z,kubernetes-admin,,0,0.0001,0
2026-05-22T19:15:01.812991Z,kubernetes-admin,,0,0.0,0
2026-05-22T19:15:01.818165Z,kubernetes-admin,,0,0.0003,0
2026-05-22T19:15:01.826691Z,system:kube-controller-manager,,0,0.0,0
2026-05-22T19:15:01.888316Z,kubernetes-admin,,0,0.0011,0
2026-05-22T19:15:01.892680Z,system:kube-scheduler,,0,0.0,0
2026-05-22T19:15:01.896826Z,system:kube-scheduler,,0,0.0,0
2026-05-22T19:15:01.898432Z,system:node:runtime-ids-control-plane,,0,0.0,0
2026-05-22T19:15:01.898912Z,system:node:runtime-ids-control-plane,,0,0.0,0
2026-05-22T19:15:01.898912Z,system:node:runtime-ids-control-plane,,0,0.0,0
2026-05-22T19:15:01.901871Z,system:node:runtime-ids-control-plane,,0,0.0,0
2026-05-22T19:15:01.965511Z,kubernetes-admin,,0,0.0008,0
2026-05-22T19:15:01.975105Z,kubernetes-admin,,0,0.0002,0
2026-05-22T19:15:02.062390Z,kubernetes-admin,,0,0.217,0
2026-05-22T19:15:02.134733Z,kubernetes-admin,,0,0.0002,0
2026-05-22T19:15:02.261074Z,system:node:runtime-ids-control-plane,,0,0.0,0
2026-05-22T19:15:02.266461Z,system:node:runtime-ids-control-plane,,0,0.0,0
2026-05-22T19:15:02.408265Z,system:kube-controller-manager,,0,0.0,0
2026-05-22T19:15:02.520010Z,kubernetes-admin,,0,0.0001,0
2026-05-22T19:15:02.596613Z,kubernetes-admin,,0,0.0001,0
2026-05-22T19:15:02.674470Z,kubernetes-admin,,0,0.0001,0
2026-05-22T19:15:02.758966Z,kubernetes-admin,,0,0.0,0
2026-05-22T19:15:02.838972Z,kubernetes-admin,,0,0.0,0
2026-05-22T19:15:02.842669Z,kubernetes-admin,,0,0.0,0
2026-05-22T19:15:02.845583Z,kubernetes-admin,,0,0.0,0
2026-05-22T19:15:02.852439Z,kubernetes-admin,,0,0.0,0
2026-05-22T19:15:02.928716Z,kubernetes-admin,,0,0.0,0
2026-05-22T19:15:02.937260Z,kubernetes-admin,,0,0.0,0
2026-05-22T19:15:02.937260Z,kubernetes-admin,,0,0.0,0
2026-05-22T19:15:02.943245Z,kubernetes-admin,,0,0.0,0
2026-05-22T19:15:02.943245Z,kubernetes-admin,,0,0.0,0
2026-05-22T19:15:02.949858Z,kubernetes-admin,,0,0.0,0
2026-05-22T19:15:02.949858Z,kubernetes-admin,,0,0.0,0
2026-05-22T19:15:03.028623Z,kubernetes-admin,,0,0.0,0
2026-05-22T19:15:03.032299Z,kubernetes-admin,,0,0.0,0
2026-05-22T19:15:03.037324Z,system:serviceaccount:kube-system:deployment-controller,,0,0.0,0
2026-05-22T19:15:03.041282Z,system:serviceaccount:kube-system:replicaset-controller,,0,0.0,0
2026-05-22T19:15:03.041952Z,system:serviceaccount:kube-system:deployment-controller,,0,0.0,0
2026-05-22T19:15:03.045546Z,system:kube-scheduler,,0,0.0,0
2026-05-22T19:15:03.045845Z,system:serviceaccount:kube-system:replicaset-controller,,0,0.0,0
2026-05-22T19:15:03.046694Z,system:serviceaccount:kube-system:deployment-controller,,0,0.0,0
2026-05-22T19:15:03.054398Z,system:kube-scheduler,,0,0.0,0
2026-05-22T19:15:03.057215Z,system:node:runtime-ids-control-plane,,0,0.0,0
2026-05-22T19:15:03.058152Z,system:serviceaccount:kube-system:replicaset-controller,,0,0.0,0
2026-05-22T19:15:03.060762Z,system:node:runtime-ids-control-plane,,0,0.0,0
2026-05-22T19:15:03.065388Z,system:serviceaccount:kube-system:deployment-controller,,0,0.0,0
2026-05-22T19:15:03.135252Z,kubernetes-admin,,0,0.0,0
2026-05-22T19:15:03.202690Z,system:node:runtime-ids-control-plane,,0,0.0,0
2026-05-22T19:15:03.221590Z,kubernetes-admin,,0,0.0,0
2026-05-22T19:15:03.233238Z,kubernetes-admin,,0,0.0,0
2026-05-22T19:15:03.233238Z,kubernetes-admin,,0,0.0,0
2026-05-22T19:15:03.264778Z,system:node:runtime-ids-control-plane,,0,0.0,0
2026-05-22T19:15:03.319739Z,kubernetes-admin,,0,0.0,0
2026-05-22T19:15:03.331444Z,kubernetes-admin,,0,0.0,0
2026-05-22T19:15:03.331444Z,kubernetes-admin,,0,0.0,0
2026-05-22T19:15:03.419566Z,kubernetes-admin,,0,0.0,0
2026-05-22T19:15:03.494367Z,kubernetes-admin,,0,0.0,0
2026-05-22T19:15:03.508505Z,system:node:runtime-ids-control-plane,,0,0.0,0
2026-05-22T19:15:03.523450Z,system:node:runtime-ids-control-plane,,0,0.0,0
2026-05-22T19:15:03.545354Z,system:node:runtime-ids-control-plane,,0,0.0,0
2026-05-22T19:15:03.575621Z,kubernetes-admin,,0,0.0001,0
2026-05-22T19:15:03.646868Z,kubernetes-admin,,0,0.0017,0
2026-05-22T19:15:03.647687Z,system:node:runtime-ids-control-plane,,0,0.0,0
2026-05-22T19:15:03.686343Z,system:kube-scheduler,,0,0.0,0
2026-05-22T19:15:03.722161Z,kubernetes-admin,,0,0.0,0
2026-05-22T19:15:03.726373Z,kubernetes-admin,,0,0.0002,0
2026-05-22T19:15:03.800533Z,kubernetes-admin,,0,0.0004,0
2026-05-22T19:15:03.806220Z,kubernetes-admin,,0,0.0001,0
2026-05-22T19:15:03.825204Z,system:kube-controller-manager,,0,0.0,0
2026-05-22T19:15:03.873918Z,kubernetes-admin,,0,0.0044,0
2026-05-22T19:15:03.949143Z,kubernetes-admin,,0,0.0005,0
2026-05-22T19:15:03.954782Z,system:kube-scheduler,,0,0.0,0
2026-05-22T19:15:03.958487Z,system:kube-scheduler,,0,0.0,0
2026-05-22T19:15:03.960369Z,system:node:runtime-ids-control-plane,,0,0.0,0
2026-05-22T19:15:03.960369Z,system:node:runtime-ids-control-plane,,0,0.0,0
2026-05-22T19:15:03.960380Z,system:node:runtime-ids-control-plane,,0,0.0,0
2026-05-22T19:15:03.963230Z,system:node:runtime-ids-control-plane,,0,0.0,0
2026-05-22T19:15:03.965777Z,system:node:runtime-ids-control-plane,,0,0.0,0
2026-05-22T19:15:04.027749Z,kubernetes-admin,,0,0.0001,0
2026-05-22T19:15:04.035875Z,kubernetes-admin,,0,0.0001,0
2026-05-22T19:15:04.113486Z,system:node:runtime-ids-control-plane,,0,0.0,0
2026-05-22T19:15:04.115042Z,system:node:runtime-ids-control-plane,,0,0.0,0
2026-05-22T19:15:04.193091Z,kubernetes-admin,container_escape,1,0.9998,1
2026-05-22T19:15:04.196530Z,kubernetes-admin,container_escape,1,0.9999,1
2026-05-22T19:15:04.202490Z,system:kube-scheduler,,0,0.0,0
2026-05-22T19:15:04.206698Z,system:kube-scheduler,,0,0.0,0
2026-05-22T19:15:04.208474Z,system:node:runtime-ids-control-plane,,0,0.0,0
2026-05-22T19:15:04.209834Z,system:node:runtime-ids-control-plane,,0,0.0,0
2026-05-22T19:15:04.212507Z,system:node:runtime-ids-control-plane,,0,0.0,0
2026-05-22T19:15:04.267199Z,system:node:runtime-ids-control-plane,,0,0.0,0
2026-05-22T19:15:04.268645Z,system:node:runtime-ids-control-plane,,0,0.0,0
2026-05-22T19:15:04.271841Z,system:node:runtime-ids-control-plane,,0,0.0,0
2026-05-22T19:15:04.276831Z,system:serviceaccount:kube-system:endpoint-controller,,0,0.0,0
2026-05-22T19:15:04.277171Z,system:node:runtime-ids-control-plane,,0,0.0,0
2026-05-22T19:15:04.277213Z,system:serviceaccount:kube-system:replicaset-controller,,0,0.0,0
2026-05-22T19:15:04.277318Z,system:serviceaccount:kube-system:endpointslice-controller,,0,0.0,0
2026-05-22T19:15:04.278326Z,system:node:runtime-ids-control-plane,,0,0.0,0
2026-05-22T19:15:04.280172Z,system:node:runtime-ids-control-plane,,0,0.0,0
2026-05-22T19:15:04.284951Z,system:serviceaccount:kube-system:deployment-controller,,0,0.0,0
2026-05-22T19:15:04.308405Z,system:apiserver,,0,0.0,0
2026-05-22T19:15:04.310739Z,system:apiserver,,0,0.0,0
2026-05-22T19:15:04.321497Z,kubernetes-admin,,0,0.0004,0
2026-05-22T19:15:04.330146Z,kubernetes-admin,,0,0.0001,0
2026-05-22T19:15:04.412452Z,system:kube-controller-manager,,0,0.0,0
2026-05-22T19:15:04.416612Z,system:node:runtime-ids-control-plane,,0,0.0,0
2026-05-22T19:15:04.418443Z,system:node:runtime-ids-control-plane,,0,0.0,0
2026-05-22T19:15:04.437120Z,system:apiserver,,0,0.0,0
2026-05-22T19:15:04.444439Z,kubernetes-admin,container_exec,1,0.9996,1
2026-05-22T19:15:04.523586Z,kubernetes-admin,container_exec,1,0.9996,1
2026-05-22T19:15:04.534628Z,kubernetes-admin,container_exec,1,0.9998,1
2026-05-22T19:15:04.534628Z,kubernetes-admin,container_exec,1,0.9999,1
2026-05-22T19:15:04.912267Z,system:node:runtime-ids-control-plane,,0,0.0,0
2026-05-22T19:15:04.913689Z,system:node:runtime-ids-control-plane,,0,0.0,0
2026-05-22T19:15:04.922352Z,system:node:runtime-ids-control-plane,,0,0.0,0
2026-05-22T19:15:04.934447Z,system:node:runtime-ids-control-plane,,0,0.0,0
2026-05-22T19:15:04.992301Z,kubernetes-admin,container_exec,1,0.9999,1
2026-05-22T19:15:05.003136Z,kubernetes-admin,container_exec,1,0.9997,1
2026-05-22T19:15:05.003136Z,kubernetes-admin,container_exec,1,0.9998,1
2026-05-22T19:15:05.127581Z,kubernetes-admin,container_exec,1,0.9999,1
2026-05-22T19:15:05.138151Z,kubernetes-admin,container_exec,1,0.9998,1
2026-05-22T19:15:05.138151Z,kubernetes-admin,container_exec,1,0.9999,1
2026-05-22T19:15:05.271240Z,system:node:runtime-ids-control-plane,,0,0.0,0
2026-05-22T19:15:05.273258Z,system:node:runtime-ids-control-plane,,0,0.0,0
2026-05-22T19:15:05.274350Z,system:node:runtime-ids-control-plane,,0,0.0,0
2026-05-22T19:15:05.352976Z,kubernetes-admin,credential_theft,1,0.9998,1
2026-05-22T19:15:05.424056Z,kubernetes-admin,credential_theft,1,0.9999,1
2026-05-22T19:15:05.690737Z,system:kube-scheduler,,0,0.0,0
2026-05-22T19:15:05.905656Z,kubernetes-admin,credential_theft,1,0.9999,1
2026-05-22T19:15:05.976304Z,kubernetes-admin,credential_theft,1,0.9997,1
2026-05-22T19:15:06.051503Z,kubernetes-admin,credential_theft,1,0.9998,1
2026-05-22T19:15:06.122102Z,kubernetes-admin,credential_theft,1,0.9978,1
2026-05-22T19:15:06.192961Z,kubernetes-admin,credential_theft,1,0.9999,1
2026-05-22T19:15:06.271354Z,system:node:runtime-ids-control-plane,,0,0.0,0
2026-05-22T19:15:06.272772Z,system:node:runtime-ids-control-plane,,0,0.0,0
2026-05-22T19:15:06.276350Z,system:node:runtime-ids-control-plane,,0,0.0,0
2026-05-22T19:15:06.277593Z,system:node:runtime-ids-control-plane,,0,0.0,0
2026-05-22T19:15:06.346983Z,kubernetes-admin,token_theft,1,0.9995,1
2026-05-22T19:15:06.418312Z,system:kube-controller-manager,,0,0.0,0
2026-05-22T19:15:06.496584Z,system:apiserver,,0,0.0,0
2026-05-22T19:15:06.625097Z,kubernetes-admin,token_theft,1,0.9999,1
2026-05-22T19:15:07.203663Z,kubernetes-admin,discovery,1,0.9999,1
2026-05-22T19:15:07.278797Z,kubernetes-admin,discovery,1,0.9999,1
2026-05-22T19:15:07.359573Z,kubernetes-admin,discovery,1,0.9999,1
2026-05-22T19:15:07.402371Z,kubernetes-admin,discovery,1,0.9999,1
2026-05-22T19:15:07.444362Z,system:serviceaccount:kube-system:kube-proxy,,0,0.0,0
2026-05-22T19:15:07.698807Z,system:kube-scheduler,,0,0.0,0
2026-05-22T19:15:07.811310Z,kubernetes-admin,discovery,1,0.9981,1
2026-05-22T19:15:07.938865Z,kubernetes-admin,discovery,1,0.9975,1
2026-05-22T19:15:08.037345Z,kubernetes-admin,discovery,1,0.9999,1
2026-05-22T19:15:08.133724Z,kubernetes-admin,discovery,1,0.9998,1
2026-05-22T19:15:08.228439Z,kubernetes-admin,discovery,1,0.9999,1
2026-05-22T19:15:08.396125Z,kubernetes-admin,privilege_escalation,1,0.9982,1
2026-05-22T19:15:08.405400Z,kubernetes-admin,privilege_escalation,1,0.9999,1
2026-05-22T19:15:08.423612Z,system:kube-controller-manager,,0,0.0,0
2026-05-22T19:15:08.425007Z,kubernetes-admin,privilege_escalation,1,0.9999,1
2026-05-22T19:15:08.532917Z,kubernetes-admin,privilege_escalation,1,0.9999,1
2026-05-22T19:15:08.605375Z,kubernetes-admin,privilege_escalation,1,0.9999,1
2026-05-22T19:15:08.730448Z,kubernetes-admin,privilege_escalation,1,0.9999,1
2026-05-22T19:15:08.735313Z,kubernetes-admin,privilege_escalation,1,0.9998,1
2026-05-22T19:15:08.746164Z,kubernetes-admin,privilege_escalation,1,0.9998,1
2026-05-22T19:15:08.817518Z,kubernetes-admin,privilege_escalation,1,0.9999,1
2026-05-22T19:15:08.930127Z,kubernetes-admin,,0,0.0001,0
2026-05-22T19:15:08.935151Z,kubernetes-admin,,0,0.0001,0
2026-05-22T19:15:08.950084Z,system:kube-scheduler,,0,0.0,0
2026-05-22T19:15:09.011875Z,kubernetes-admin,,0,0.0,0
2026-05-22T19:15:09.018282Z,kubernetes-admin,,0,0.0,0
2026-05-22T19:15:09.088433Z,kubernetes-admin,,0,0.0001,0
2026-05-22T19:15:09.093299Z,kubernetes-admin,,0,0.0,0
2026-05-22T19:15:09.163190Z,kubernetes-admin,,0,0.0001,0
2026-05-22T19:15:09.170499Z,kubernetes-admin,,0,0.0,0
2026-05-22T19:15:09.246046Z,kubernetes-admin,,0,0.0001,0
2026-05-22T19:15:09.250417Z,kubernetes-admin,,0,0.0002,0
2026-05-22T19:15:09.338611Z,kubernetes-admin,,0,0.6848,1
2026-05-22T19:15:09.421597Z,kubernetes-admin,,0,0.0615,0
2026-05-22T19:15:09.513762Z,kubernetes-admin,,0,0.9557,1
2026-05-22T19:15:09.589297Z,kubernetes-admin,,0,0.004,0
2026-05-22T19:15:09.705535Z,system:kube-scheduler,,0,0.0,0
2026-05-22T19:15:09.975022Z,kubernetes-admin,,0,0.0059,0
2026-05-22T19:15:10.049767Z,kubernetes-admin,,0,0.0,0
2026-05-22T19:15:10.122529Z,kubernetes-admin,,0,0.0,0
2026-05-22T19:15:10.125895Z,kubernetes-admin,,0,0.0,0
2026-05-22T19:15:10.130159Z,system:serviceaccount:kube-system:deployment-controller,,0,0.0,0
2026-05-22T19:15:10.134417Z,system:serviceaccount:kube-system:replicaset-controller,,0,0.0,0
2026-05-22T19:15:10.135079Z,system:serviceaccount:kube-system:deployment-controller,,0,0.0,0
2026-05-22T19:15:10.139703Z,system:serviceaccount:kube-system:endpointslice-controller,,0,0.0,0
2026-05-22T19:15:10.140078Z,system:node:runtime-ids-control-plane,,0,0.0,0
2026-05-22T19:15:10.140227Z,system:node:runtime-ids-control-plane,,0,0.0,0
2026-05-22T19:15:10.140250Z,system:serviceaccount:kube-system:endpoint-controller,,0,0.0,0
2026-05-22T19:15:10.141246Z,system:serviceaccount:kube-system:replicaset-controller,,0,0.0,0
2026-05-22T19:15:10.143910Z,system:node:runtime-ids-control-plane,,0,0.0,0
2026-05-22T19:15:10.148668Z,system:serviceaccount:kube-system:replicaset-controller,,0,0.0,0
2026-05-22T19:15:10.155988Z,system:serviceaccount:kube-system:deployment-controller,,0,0.0,0
2026-05-22T19:15:10.224388Z,kubernetes-admin,,0,0.0,0
2026-05-22T19:15:10.314966Z,kubernetes-admin,,0,0.0,0
2026-05-22T19:15:10.326235Z,kubernetes-admin,,0,0.0001,0
2026-05-22T19:15:10.326235Z,kubernetes-admin,,0,0.0,0
2026-05-22T19:15:10.345560Z,system:node:runtime-ids-control-plane,,0,0.0,0
2026-05-22T19:15:10.348353Z,system:node:runtime-ids-control-plane,,0,0.0,0
2026-05-22T19:15:10.354066Z,system:serviceaccount:kube-system:replicaset-controller,,0,0.0,0
2026-05-22T19:15:10.354124Z,system:serviceaccount:kube-system:endpointslice-controller,,0,0.0,0
2026-05-22T19:15:10.358237Z,system:serviceaccount:kube-system:deployment-controller,,0,0.0,0
2026-05-22T19:15:10.404026Z,kubernetes-admin,,0,0.0,0
2026-05-22T19:15:10.432309Z,system:kube-controller-manager,,0,0.0,0
2026-05-22T19:15:10.481995Z,kubernetes-admin,,0,0.0,0
2026-05-22T19:15:10.550948Z,kubernetes-admin,,0,0.0,0
2026-05-22T19:15:10.622591Z,kubernetes-admin,,0,0.0001,0
2026-05-22T19:15:10.690562Z,kubernetes-admin,,0,0.0,0
2026-05-22T19:15:10.770413Z,kubernetes-admin,,0,0.0001,0
2026-05-22T19:15:10.775219Z,kubernetes-admin,,0,0.0,0
2026-05-22T19:15:10.842519Z,kubernetes-admin,,0,0.0,0
2026-05-22T19:15:10.847952Z,kubernetes-admin,,0,0.0,0
2026-05-22T19:15:10.923312Z,kubernetes-admin,,0,0.0,0
2026-05-22T19:15:10.998407Z,kubernetes-admin,,0,0.0,0
2026-05-22T19:15:11.068391Z,kubernetes-admin,,0,0.0,0
2026-05-22T19:15:11.073275Z,kubernetes-admin,,0,0.0002,0
2026-05-22T19:15:11.142128Z,kubernetes-admin,,0,0.0001,0
2026-05-22T19:15:11.147461Z,kubernetes-admin,,0,0.0001,0
2026-05-22T19:15:11.215422Z,kubernetes-admin,,0,0.0925,0
2026-05-22T19:15:11.288143Z,system:node:runtime-ids-control-plane,,0,0.0,0
2026-05-22T19:15:11.291266Z,system:node:runtime-ids-control-plane,,0,0.0,0
2026-05-22T19:15:11.294343Z,kubernetes-admin,,0,0.0019,0
2026-05-22T19:15:11.294604Z,system:node:runtime-ids-control-plane,,0,0.0,0
2026-05-22T19:15:11.298286Z,system:kube-scheduler,,0,0.0,0
2026-05-22T19:15:11.303699Z,system:kube-scheduler,,0,0.0,0
2026-05-22T19:15:11.304847Z,system:node:runtime-ids-control-plane,,0,0.0,0
2026-05-22T19:15:11.305070Z,system:node:runtime-ids-control-plane,,0,0.0,0
2026-05-22T19:15:11.305070Z,system:node:runtime-ids-control-plane,,0,0.0,0
2026-05-22T19:15:11.308560Z,system:node:runtime-ids-control-plane,,0,0.0,0
2026-05-22T19:15:11.368314Z,kubernetes-admin,,0,0.0002,0
2026-05-22T19:15:11.377222Z,kubernetes-admin,,0,0.0001,0
2026-05-22T19:15:11.419411Z,system:node:runtime-ids-control-plane,,0,0.0,0
2026-05-22T19:15:11.420895Z,system:node:runtime-ids-control-plane,,0,0.0,0
2026-05-22T19:15:11.461782Z,kubernetes-admin,,0,0.1967,0
2026-05-22T19:15:11.539075Z,kubernetes-admin,,0,0.0001,0
2026-05-22T19:15:11.611662Z,kubernetes-admin,,0,0.0001,0
2026-05-22T19:15:11.678981Z,kubernetes-admin,,0,0.0,0
2026-05-22T19:15:11.714483Z,system:kube-scheduler,,0,0.0,0
2026-05-22T19:15:11.755603Z,kubernetes-admin,,0,0.0014,0
2026-05-22T19:15:11.787617Z,kubernetes-admin,,0,0.0,0
2026-05-22T19:15:11.787617Z,kubernetes-admin,,0,0.0,0
2026-05-22T19:15:11.793477Z,kubernetes-admin,,0,0.0001,0
2026-05-22T19:15:11.793477Z,kubernetes-admin,,0,0.0,0
2026-05-22T19:15:11.798347Z,kubernetes-admin,,0,0.0001,0
2026-05-22T19:15:11.798347Z,kubernetes-admin,,0,0.0,0
2026-05-22T19:15:11.869752Z,kubernetes-admin,,0,0.0,0
2026-05-22T19:15:11.873825Z,kubernetes-admin,,0,0.0,0
2026-05-22T19:15:11.877685Z,system:serviceaccount:kube-system:deployment-controller,,0,0.0,0
2026-05-22T19:15:11.881179Z,system:serviceaccount:kube-system:replicaset-controller,,0,0.0,0
2026-05-22T19:15:11.881714Z,system:serviceaccount:kube-system:deployment-controller,,0,0.0,0
2026-05-22T19:15:11.885249Z,system:kube-scheduler,,0,0.0,0
2026-05-22T19:15:11.885260Z,system:serviceaccount:kube-system:replicaset-controller,,0,0.0,0
2026-05-22T19:15:11.886233Z,system:serviceaccount:kube-system:deployment-controller,,0,0.0,0
2026-05-22T19:15:11.889312Z,system:kube-scheduler,,0,0.0,0
2026-05-22T19:15:11.890048Z,system:serviceaccount:kube-system:replicaset-controller,,0,0.0,0
2026-05-22T19:15:11.891491Z,system:node:runtime-ids-control-plane,,0,0.0,0
2026-05-22T19:15:11.896312Z,system:serviceaccount:kube-system:deployment-controller,,0,0.0,0
2026-05-22T19:15:11.897014Z,system:node:runtime-ids-control-plane,,0,0.0,0
2026-05-22T19:15:11.926659Z,system:node:runtime-ids-control-plane,,0,0.0,0
2026-05-22T19:15:11.928433Z,system:node:runtime-ids-control-plane,,0,0.0,0
2026-05-22T19:15:11.949478Z,kubernetes-admin,,0,0.0,0
2026-05-22T19:15:12.027435Z,system:node:runtime-ids-control-plane,,0,0.0,0
2026-05-22T19:15:12.039770Z,kubernetes-admin,,0,0.0,0
2026-05-22T19:15:12.116254Z,kubernetes-admin,,0,0.0001,0
2026-05-22T19:15:12.127421Z,kubernetes-admin,,0,0.0001,0
2026-05-22T19:15:12.127421Z,kubernetes-admin,,0,0.0,0
2026-05-22T19:15:12.257375Z,kubernetes-admin,,0,0.0,0
2026-05-22T19:15:12.291198Z,system:node:runtime-ids-control-plane,,0,0.0,0
2026-05-22T19:15:12.301945Z,system:node:runtime-ids-control-plane,,0,0.0,0
2026-05-22T19:15:12.328552Z,kubernetes-admin,,0,0.0,0
2026-05-22T19:15:12.347756Z,system:node:runtime-ids-control-plane,,0,0.0,0
2026-05-22T19:15:12.361287Z,system:node:runtime-ids-control-plane,,0,0.0,0
2026-05-22T19:15:12.401479Z,kubernetes-admin,,0,0.0001,0
2026-05-22T19:15:12.433093Z,system:apiserver,,0,0.0,0
2026-05-22T19:15:12.436544Z,system:kube-controller-manager,,0,0.0,0
2026-05-22T19:15:12.471291Z,kubernetes-admin,,0,0.0001,0
2026-05-22T19:15:12.486745Z,system:node:runtime-ids-control-plane,,0,0.0,0
2026-05-22T19:15:12.551857Z,kubernetes-admin,,0,0.0001,0
2026-05-22T19:15:12.557527Z,kubernetes-admin,,0,0.0,0
2026-05-22T19:15:12.627886Z,kubernetes-admin,,0,0.0,0
2026-05-22T19:15:12.632190Z,kubernetes-admin,,0,0.0,0
2026-05-22T19:15:12.701986Z,kubernetes-admin,,0,0.0001,0
2026-05-22T19:15:12.775357Z,kubernetes-admin,,0,0.0005,0
2026-05-22T19:15:12.846127Z,kubernetes-admin,,0,0.0001,0
2026-05-22T19:15:12.850587Z,kubernetes-admin,,0,0.0001,0
2026-05-22T19:15:12.920902Z,kubernetes-admin,,0,0.0001,0
2026-05-22T19:15:12.925415Z,kubernetes-admin,,0,0.0001,0
2026-05-22T19:15:13.052426Z,kubernetes-admin,token_theft,1,0.826,1
2026-05-22T19:15:13.117953Z,kubernetes-admin,token_theft,1,0.9964,1
2026-05-22T19:15:13.186260Z,kubernetes-admin,token_theft,1,0.9998,1
2026-05-22T19:15:13.258934Z,kubernetes-admin,token_theft,1,0.9996,1
2026-05-22T19:15:13.295046Z,system:node:runtime-ids-control-plane,,0,0.0,0
2026-05-22T19:15:13.297822Z,system:node:runtime-ids-control-plane,,0,0.0,0
2026-05-22T19:15:13.303185Z,system:serviceaccount:kube-system:endpointslice-controller,,0,0.0,0
2026-05-22T19:15:13.303210Z,system:serviceaccount:kube-system:replicaset-controller,,0,0.0,0
2026-05-22T19:15:13.303366Z,system:serviceaccount:kube-system:endpoint-controller,,0,0.0,0
2026-05-22T19:15:13.303428Z,system:node:runtime-ids-control-plane,,0,0.0,0
2026-05-22T19:15:13.308415Z,system:serviceaccount:kube-system:deployment-controller,,0,0.0,0
2026-05-22T19:15:13.331640Z,kubernetes-admin,token_theft,1,0.9998,1
2026-05-22T19:15:13.488347Z,kubernetes-admin,container_exec,1,0.9986,1
2026-05-22T19:15:13.565019Z,kubernetes-admin,container_exec,1,0.9997,1
2026-05-22T19:15:13.575408Z,kubernetes-admin,container_exec,1,0.9999,1
2026-05-22T19:15:13.575408Z,kubernetes-admin,container_exec,1,0.9999,1
2026-05-22T19:15:13.706683Z,kubernetes-admin,container_exec,1,0.9983,1
2026-05-22T19:15:13.717141Z,kubernetes-admin,container_exec,1,0.9999,1
2026-05-22T19:15:13.717141Z,kubernetes-admin,container_exec,1,0.9999,1
2026-05-22T19:15:13.719289Z,system:kube-scheduler,,0,0.0,0
2026-05-22T19:15:13.864836Z,kubernetes-admin,container_exec,1,0.9999,1
2026-05-22T19:15:13.876903Z,kubernetes-admin,container_exec,1,0.9999,1
2026-05-22T19:15:13.876903Z,kubernetes-admin,container_exec,1,0.9999,1
2026-05-22T19:15:13.937108Z,system:node:runtime-ids-control-plane,,0,0.0,0
2026-05-22T19:15:14.219233Z,kubernetes-admin,container_exec,1,0.9999,1
2026-05-22T19:15:14.236388Z,kubernetes-admin,container_exec,1,0.9999,1
2026-05-22T19:15:14.236388Z,kubernetes-admin,container_exec,1,0.9999,1
2026-05-22T19:15:14.309824Z,system:apiserver,,0,0.0,0
2026-05-22T19:15:14.312439Z,system:apiserver,,0,0.0,0
2026-05-22T19:15:14.371222Z,kubernetes-admin,container_exec,1,0.9999,1
2026-05-22T19:15:14.382072Z,kubernetes-admin,container_exec,1,0.9998,1
2026-05-22T19:15:14.382072Z,kubernetes-admin,container_exec,1,0.9999,1
2026-05-22T19:15:14.440420Z,system:kube-controller-manager,,0,0.0,0
2026-05-22T19:15:14.906373Z,system:node:runtime-ids-control-plane,,0,0.0,0
2026-05-22T19:15:14.924834Z,kubernetes-admin,container_exec,1,0.9998,1
2026-05-22T19:15:14.935179Z,kubernetes-admin,container_exec,1,0.9999,1
2026-05-22T19:15:14.935179Z,kubernetes-admin,container_exec,1,0.9999,1
2026-05-22T19:15:15.066374Z,kubernetes-admin,container_exec,1,0.9997,1
2026-05-22T19:15:15.077450Z,kubernetes-admin,container_exec,1,0.9999,1
2026-05-22T19:15:15.077450Z,kubernetes-admin,container_exec,1,0.9999,1
2026-05-22T19:15:15.501131Z,kubernetes-admin,credential_theft,1,0.9999,1
2026-05-22T19:15:15.571181Z,kubernetes-admin,credential_theft,1,0.9998,1
2026-05-22T19:15:15.642726Z,kubernetes-admin,credential_theft,1,0.9999,1
2026-05-22T19:15:15.711064Z,kubernetes-admin,credential_theft,1,0.9998,1
2026-05-22T19:15:15.724018Z,system:kube-scheduler,,0,0.0,0
2026-05-22T19:15:15.786873Z,kubernetes-admin,credential_theft,1,0.9999,1
2026-05-22T19:15:15.975959Z,kubernetes-admin,container_escape,1,0.9999,1
2026-05-22T19:15:15.979151Z,kubernetes-admin,container_escape,1,0.9999,1
2026-05-22T19:15:15.990657Z,system:kube-scheduler,,0,0.0,0
2026-05-22T19:15:15.996963Z,system:kube-scheduler,,0,0.0,0
2026-05-22T19:15:15.999133Z,system:node:runtime-ids-control-plane,,0,0.0,0
2026-05-22T19:15:15.999382Z,system:node:runtime-ids-control-plane,,0,0.0,0
2026-05-22T19:15:15.999382Z,system:node:runtime-ids-control-plane,,0,0.0,0
2026-05-22T19:15:16.002720Z,system:node:runtime-ids-control-plane,,0,0.0,0
2026-05-22T19:15:16.101397Z,kubernetes-admin,,0,0.0002,0
2026-05-22T19:15:16.110714Z,kubernetes-admin,,0,0.0002,0
2026-05-22T19:15:16.184218Z,system:node:runtime-ids-control-plane,,0,0.0,0
2026-05-22T19:15:16.185906Z,system:node:runtime-ids-control-plane,,0,0.0,0
2026-05-22T19:15:16.219317Z,kubernetes-admin,privilege_escalation,1,0.9999,1
2026-05-22T19:15:16.222924Z,kubernetes-admin,privilege_escalation,1,0.9999,1
2026-05-22T19:15:16.238511Z,kubernetes-admin,privilege_escalation,1,0.9999,1
2026-05-22T19:15:16.304652Z,system:node:runtime-ids-control-plane,,0,0.0,0
2026-05-22T19:15:16.306590Z,kubernetes-admin,privilege_escalation,1,0.9999,1
2026-05-22T19:15:16.308820Z,system:node:runtime-ids-control-plane,,0,0.0,0
2026-05-22T19:15:16.373577Z,kubernetes-admin,privilege_escalation,1,0.9999,1
2026-05-22T19:15:16.443714Z,kubernetes-admin,privilege_escalation,1,0.9999,1
2026-05-22T19:15:16.444787Z,system:kube-controller-manager,,0,0.0,0
2026-05-22T19:15:16.447854Z,kubernetes-admin,privilege_escalation,1,0.9999,1
2026-05-22T19:15:16.457821Z,kubernetes-admin,privilege_escalation,1,0.9999,1
2026-05-22T19:15:16.533215Z,kubernetes-admin,privilege_escalation,1,0.9999,1
2026-05-22T19:15:16.644464Z,kubernetes-admin,,0,0.0001,0
2026-05-22T19:15:16.648882Z,kubernetes-admin,,0,0.0002,0
2026-05-22T19:15:16.716053Z,kubernetes-admin,,0,0.0002,0
2026-05-22T19:15:16.720739Z,kubernetes-admin,,0,0.0,0
2026-05-22T19:15:16.798210Z,kubernetes-admin,,0,0.0,0
2026-05-22T19:15:16.802801Z,kubernetes-admin,,0,0.0,0
2026-05-22T19:15:16.837710Z,system:apiserver,,0,0.0,0
2026-05-22T19:15:16.872221Z,kubernetes-admin,,0,0.0001,0
2026-05-22T19:15:16.877124Z,kubernetes-admin,,0,0.0001,0
2026-05-22T19:15:16.947974Z,kubernetes-admin,,0,0.0001,0
2026-05-22T19:15:16.952742Z,kubernetes-admin,,0,0.0003,0
2026-05-22T19:15:17.073917Z,kubernetes-admin,discovery,1,0.9921,1
2026-05-22T19:15:17.141827Z,kubernetes-admin,discovery,1,0.9997,1
2026-05-22T19:15:17.211054Z,kubernetes-admin,discovery,1,0.9998,1
2026-05-22T19:15:17.289697Z,kubernetes-admin,discovery,1,0.9992,1
2026-05-22T19:15:17.307877Z,system:node:runtime-ids-control-plane,,0,0.0,0
2026-05-22T19:15:17.366616Z,kubernetes-admin,discovery,1,0.9999,1
2026-05-22T19:15:17.547474Z,kubernetes-admin,discovery,1,0.9982,1
2026-05-22T19:15:17.622803Z,kubernetes-admin,discovery,1,0.9998,1
2026-05-22T19:15:17.700864Z,kubernetes-admin,discovery,1,0.9842,1
2026-05-22T19:15:17.726440Z,kubernetes-admin,discovery,1,0.9977,1
2026-05-22T19:15:17.729935Z,system:kube-scheduler,,0,0.0,0
2026-05-22T19:15:18.038553Z,kubernetes-admin,discovery,1,0.9992,1
2026-05-22T19:15:18.042113Z,kubernetes-admin,discovery,1,0.9999,1
2026-05-22T19:15:18.173874Z,kubernetes-admin,,0,0.0021,0
2026-05-22T19:15:18.253907Z,kubernetes-admin,,0,0.0213,0
2026-05-22T19:15:18.324095Z,kubernetes-admin,,0,0.0001,0
2026-05-22T19:15:18.394394Z,kubernetes-admin,,0,0.0,0
2026-05-22T19:15:18.449133Z,system:kube-controller-manager,,0,0.0,0
2026-05-22T19:15:18.466817Z,kubernetes-admin,,0,0.0,0
2026-05-22T19:15:18.537044Z,kubernetes-admin,,0,0.0,0
2026-05-22T19:15:18.605041Z,kubernetes-admin,,0,0.0001,0
2026-05-22T19:15:18.691161Z,kubernetes-admin,,0,0.0002,0
2026-05-22T19:15:18.766484Z,kubernetes-admin,,0,0.0002,0
2026-05-22T19:15:18.777640Z,kubernetes-admin,,0,0.0001,0
2026-05-22T19:15:18.777640Z,kubernetes-admin,,0,0.0002,0
2026-05-22T19:15:18.825301Z,system:kube-controller-manager,,0,0.0,0
2026-05-22T19:15:18.900408Z,kubernetes-admin,,0,0.0003,0
2026-05-22T19:15:18.912276Z,kubernetes-admin,,0,0.0001,0
2026-05-22T19:15:18.912276Z,kubernetes-admin,,0,0.0002,0
2026-05-22T19:15:19.044738Z,kubernetes-admin,,0,0.0,0
2026-05-22T19:15:19.114700Z,kubernetes-admin,,0,0.0001,0
2026-05-22T19:15:19.185503Z,kubernetes-admin,,0,0.0,0
2026-05-22T19:15:19.254025Z,kubernetes-admin,,0,0.0002,0
2026-05-22T19:15:19.325335Z,kubernetes-admin,,0,0.0,0
2026-05-22T19:15:19.329678Z,kubernetes-admin,,0,0.0002,0
2026-05-22T19:15:19.397587Z,kubernetes-admin,,0,0.0001,0
2026-05-22T19:15:19.402746Z,kubernetes-admin,,0,0.0001,0
2026-05-22T19:15:19.473764Z,kubernetes-admin,,0,0.0001,0
2026-05-22T19:15:19.541221Z,kubernetes-admin,,0,0.0004,0
2026-05-22T19:15:19.614777Z,kubernetes-admin,,0,0.0001,0
2026-05-22T19:15:19.619782Z,kubernetes-admin,,0,0.0007,0
2026-05-22T19:15:19.688171Z,kubernetes-admin,,0,0.0001,0
2026-05-22T19:15:19.692759Z,kubernetes-admin,,0,0.0001,0
2026-05-22T19:15:19.737878Z,system:kube-scheduler,,0,0.0,0
2026-05-22T19:15:19.757502Z,kubernetes-admin,,0,0.0837,0
2026-05-22T19:15:19.829921Z,kubernetes-admin,,0,0.0013,0
2026-05-22T19:15:19.833783Z,system:kube-scheduler,,0,0.0,0
2026-05-22T19:15:19.837730Z,system:kube-scheduler,,0,0.0,0
2026-05-22T19:15:19.839518Z,system:node:runtime-ids-control-plane,,0,0.0,0
2026-05-22T19:15:19.839785Z,system:node:runtime-ids-control-plane,,0,0.0,0
